year,country,Air Border Sector,Coast Guard Sector,Deployment Management Division,European Centre for Returns,Field Deployment Unit,Field Operations Unit,Frontex Situation Centre,Information Fusion Centre,Land Borders Sector,Law Enforcement Sector,Operational Response Division,Pooled Resources Unit,Public Regulated Service,Research and Development Unit,Research and Innovation Unit,Return Operations Sector,Return Support Unit,Risk Analysis Unit,Sea Border Sector,Task Force Deployment Management,Training Unit,n.a.
2008,all,2483979.69,NA,NA,NA,NA,NA,NA,NA,3050316.23,NA,NA,NA,59202.57000000001,NA,NA,2562839.86,NA,61176.58,28788196.28,NA,NA,NA
2009,all,2695934.34,NA,NA,NA,NA,NA,NA,NA,5813092.28,NA,NA,NA,267145.51,NA,NA,5309353.46,NA,24488.64,29945718.61,NA,NA,NA
2010,all,1519499.27,NA,NA,NA,NA,NA,NA,NA,6524082.5,NA,NA,3347777.68,NA,NA,NA,9378321.81,NA,NA,31955517.02,NA,NA,NA
2011,all,2147256.64,NA,NA,NA,NA,NA,NA,NA,10658708.31,NA,NA,2682319.92,NA,NA,NA,11653039.39,NA,NA,46312898.87,NA,NA,44602.58
2012,all,2037187.37,NA,NA,NA,NA,NA,251376.32,NA,11695059.81,NA,NA,NA,NA,21087.27,NA,10752367.17,NA,NA,28323972.09,NA,NA,NA
2013,all,1568466.28,NA,NA,NA,NA,NA,285108.89,NA,7110628.04,NA,NA,193651.85,NA,NA,NA,8371322.22,NA,NA,23415320.84,NA,NA,NA
2014,all,1484410.47,NA,NA,NA,NA,NA,339909.02,NA,7307421.12,NA,NA,177379.91,NA,NA,NA,8792783.03,NA,NA,32633278.67,NA,NA,NA
2015,all,1520139,NA,NA,NA,NA,NA,580336,NA,8431350,NA,NA,344098,NA,NA,NA,11935950,NA,NA,67840850,NA,NA,NA
2016,all,2196107,NA,NA,NA,NA,NA,873381,NA,14188780,NA,NA,12000,NA,NA,NA,NA,42475111,NA,112859333,NA,117321,NA
2017,all,2434204,NA,NA,NA,NA,NA,1189901,NA,15906501,NA,NA,679156,NA,532943,NA,NA,54917693,NA,118188796,NA,673992,NA
2018,all,NA,NA,NA,37613811.68,NA,NA,1927722,NA,NA,NA,120581768.92,336482,NA,NA,NA,NA,18292279.33,NA,17800.52,NA,273548.36,NA
2019,all,NA,617646,NA,57951511.62,118558259.29,NA,1626011,64919.78,NA,NA,221354,NA,NA,NA,138675,NA,NA,NA,NA,NA,453933.16000000003,8020
2020,all,NA,698241.71,NA,29584278.51,105152548.25,NA,1675477.52,146055,NA,NA,NA,NA,NA,NA,181168.8,NA,NA,NA,NA,9194344,7207328.67,NA
2021,all,NA,1676334.85,38705372.99,45591442.79,92275256.32,23993002,1966458,NA,NA,NA,NA,NA,NA,NA,NA,NA,NA,NA,NA,2260285.14,4192114.0900000003,NA
2022,all,NA,1164047.71,109708748.25999999,48756491.57,NA,70375055,NA,21896.88,NA,93456.2,NA,NA,NA,NA,NA,NA,NA,NA,NA,NA,10379516.71,NA
2009,Albania,NA,NA,NA,NA,NA,NA,NA,NA,33896.21,NA,NA,NA,NA,NA,NA,NA,NA,NA,NA,NA,NA,NA
2010,Albania,NA,NA,NA,NA,NA,NA,NA,NA,65460.689999999995,NA,NA,NA,NA,NA,NA,NA,NA,NA,NA,NA,NA,NA
2011,Albania,22617.42,NA,NA,NA,NA,NA,NA,NA,5658.23,NA,NA,NA,NA,NA,NA,NA,NA,NA,NA,NA,NA,NA
2012,Albania,6177.98,NA,NA,NA,NA,NA,NA,NA,10165.52,NA,NA,NA,NA,NA,NA,NA,NA,NA,16342.6,NA,NA,NA
2013,Albania,16930.61,NA,NA,NA,NA,NA,NA,NA,6685.36,NA,NA,NA,NA,NA,NA,NA,NA,NA,4800.9,NA,NA,NA
2014,Albania,42389.12,NA,NA,NA,NA,NA,NA,NA,6441.4,NA,NA,3083.74,NA,NA,NA,NA,NA,NA,5008,NA,NA,NA
2015,Albania,14178,NA,NA,NA,NA,NA,NA,NA,29935,NA,NA,NA,NA,NA,NA,NA,NA,NA,197,NA,NA,NA
2016,Albania,48287,NA,NA,NA,NA,NA,NA,NA,41654,NA,NA,NA,NA,NA,NA,NA,13547,NA,20567,NA,NA,NA
2017,Albania,97076,NA,NA,NA,NA,NA,NA,NA,59059,NA,NA,NA,NA,NA,NA,NA,43527,NA,9749,NA,NA,NA
2018,Albania,NA,NA,NA,54227.6,NA,NA,NA,NA,NA,NA,105766.29,NA,NA,NA,NA,NA,16649.2,NA,NA,NA,NA,NA
2019,Albania,NA,NA,NA,86627.2,883385.95,NA,NA,NA,NA,NA,NA,NA,NA,NA,NA,NA,NA,NA,NA,NA,NA,NA
2020,Albania,NA,NA,NA,62274,1054521.99,NA,NA,NA,NA,NA,NA,NA,NA,NA,NA,NA,NA,NA,NA,NA,NA,NA
2021,Albania,NA,NA,472298.89,95058.8,890851.5,NA,NA,NA,NA,NA,NA,NA,NA,NA,NA,NA,NA,NA,NA,NA,NA,NA
2022,Albania,NA,NA,1389032.8,119069.59999999999,NA,NA,NA,NA,NA,NA,NA,NA,NA,NA,NA,NA,NA,NA,NA,NA,NA,NA
2008,Austria,191630.66999999998,NA,NA,NA,NA,NA,NA,NA,378779.27,NA,NA,NA,1723.05,NA,NA,440545,NA,NA,234188,NA,NA,NA
2009,Austria,210268.35,NA,NA,NA,NA,NA,NA,NA,950330.96,NA,NA,NA,2127.94,NA,NA,1367376.16,NA,NA,264498.37,NA,NA,NA
2010,Austria,197137.33,NA,NA,NA,NA,NA,NA,NA,1343069.4,NA,NA,399074,NA,NA,NA,1729777.74,NA,NA,623859.6,NA,NA,NA
2011,Austria,110669.56999999999,NA,NA,NA,NA,NA,NA,NA,1748365.09,NA,NA,NA,NA,NA,NA,1613873.8900000001,NA,NA,104302.36,NA,NA,NA
2012,Austria,64583.57,NA,NA,NA,NA,NA,44482.46,NA,1466977.61,NA,NA,NA,NA,NA,NA,1931060.82,NA,NA,123960.42,NA,NA,NA
2013,Austria,81667.27,NA,NA,NA,NA,NA,63474.54,NA,1380262.92,NA,NA,25635.6,NA,NA,NA,741421.88,NA,NA,45718.8,NA,NA,NA
2014,Austria,111187.3,NA,NA,NA,NA,NA,38112.33,NA,1230459.02,NA,NA,8746.18,NA,NA,NA,617814.4,NA,NA,60228.06,NA,NA,NA
2015,Austria,95891,NA,NA,NA,NA,NA,41957,NA,1224125,NA,NA,NA,NA,NA,NA,1581207,NA,NA,530612,NA,NA,NA
2016,Austria,130222,NA,NA,NA,NA,NA,19079,NA,1319720,NA,NA,NA,NA,NA,NA,NA,4933045,NA,817585,NA,NA,NA
2017,Austria,162937,NA,NA,NA,NA,NA,35846,NA,1636799,NA,NA,NA,NA,NA,NA,NA,6908925,NA,917803,NA,NA,NA
2018,Austria,NA,NA,NA,5221423.54,NA,NA,53582,NA,NA,NA,2571339,14599,NA,NA,NA,NA,3030526,NA,NA,NA,NA,NA
2019,Austria,NA,NA,NA,7923333.52,2653756,NA,26677,NA,NA,NA,NA,NA,NA,NA,NA,NA,NA,NA,NA,NA,NA,NA
2020,Austria,NA,NA,NA,1844572.92,3088412.2,NA,20731,NA,NA,NA,NA,NA,NA,NA,NA,NA,NA,NA,NA,385965,NA,NA
2021,Austria,NA,NA,1287248.03,1165979,1829266,NA,NA,NA,NA,NA,NA,NA,NA,NA,NA,NA,NA,NA,NA,NA,NA,NA
2022,Austria,NA,NA,4336781.71,498271,NA,NA,NA,NA,NA,NA,NA,NA,NA,NA,NA,NA,NA,NA,NA,NA,NA,NA
2010,Belarus,NA,NA,NA,NA,NA,NA,NA,NA,5557.65,NA,NA,NA,NA,NA,NA,NA,NA,NA,NA,NA,NA,NA
2011,Belarus,13398.9,NA,NA,NA,NA,NA,NA,NA,9338.75,NA,NA,NA,NA,NA,NA,NA,NA,NA,NA,NA,NA,NA
2015,Belarus,4241,NA,NA,NA,NA,NA,NA,NA,8945,NA,NA,NA,NA,NA,NA,NA,NA,NA,NA,NA,NA,NA
2016,Belarus,11336,NA,NA,NA,NA,NA,NA,NA,34893,NA,NA,NA,NA,NA,NA,NA,NA,NA,NA,NA,NA,NA
2018,Belarus,NA,NA,NA,NA,NA,NA,NA,NA,NA,NA,4060.65,NA,NA,NA,NA,NA,NA,NA,NA,NA,NA,NA
2019,Belarus,NA,NA,NA,NA,21820.510000000002,NA,NA,NA,NA,NA,NA,NA,NA,NA,NA,NA,NA,NA,NA,NA,NA,NA
2008,Belgium,55895.71,NA,NA,NA,NA,NA,NA,NA,24280.350000000002,NA,NA,NA,NA,NA,NA,NA,NA,NA,37356.11,NA,NA,NA
2009,Belgium,48725.24,NA,NA,NA,NA,NA,NA,NA,38793.04,NA,NA,NA,NA,NA,NA,28091.45,NA,NA,69830.75,NA,NA,NA
2010,Belgium,32161.92,NA,NA,NA,NA,NA,NA,NA,38372.78,NA,NA,83615.28,NA,NA,NA,9426.78,NA,NA,73836.01,NA,NA,NA
2011,Belgium,36567.8,NA,NA,NA,NA,NA,NA,NA,64512.32,NA,NA,15904.72,NA,NA,NA,33886.85,NA,NA,140248.38,NA,NA,NA
2012,Belgium,41656.82,NA,NA,NA,NA,NA,NA,NA,38970.66,NA,NA,NA,NA,NA,NA,1502.01,NA,NA,88918.42,NA,NA,NA
2013,Belgium,44035.96,NA,NA,NA,NA,NA,NA,NA,18936.86,NA,NA,NA,NA,NA,NA,NA,NA,NA,134242.19,NA,NA,NA
2014,Belgium,49621.560000000005,NA,NA,NA,NA,NA,NA,NA,61783.94,NA,NA,NA,NA,NA,NA,NA,NA,NA,105121.57,NA,NA,NA
2015,Belgium,45082,NA,NA,NA,NA,NA,NA,NA,46403,NA,NA,8868,NA,NA,NA,138886,NA,NA,1584201,NA,NA,NA
2016,Belgium,55613,NA,NA,NA,NA,NA,NA,NA,31908,NA,NA,NA,NA,NA,NA,NA,717654,NA,136132,NA,NA,NA
2017,Belgium,64409,NA,NA,NA,NA,NA,7298,NA,50907,NA,NA,NA,NA,NA,NA,NA,3879121,NA,243267,NA,NA,NA
2018,Belgium,NA,NA,NA,1637542.02,NA,NA,16622,NA,NA,NA,580841,10409,NA,NA,NA,NA,890489,NA,NA,NA,NA,NA
2019,Belgium,NA,NA,NA,1124810,784038,NA,40357,NA,NA,NA,NA,NA,NA,NA,NA,NA,NA,NA,NA,NA,NA,NA
2020,Belgium,NA,NA,NA,243791.28,369702,NA,41286,NA,NA,NA,NA,NA,NA,NA,NA,NA,NA,NA,NA,331016,NA,NA
2021,Belgium,NA,NA,580000.46,233896,611703,NA,NA,NA,NA,NA,NA,NA,NA,NA,NA,NA,NA,NA,NA,33333.36,NA,NA
2022,Belgium,NA,NA,1574674.67,2822010.32,NA,NA,NA,NA,NA,45360,NA,NA,NA,NA,NA,NA,NA,NA,NA,NA,NA,NA
2011,Bosnia and Herzegovina,NA,NA,NA,NA,NA,NA,NA,NA,4120.28,NA,NA,NA,NA,NA,NA,NA,NA,NA,NA,NA,NA,NA
2012,Bosnia and Herzegovina,NA,NA,NA,NA,NA,NA,NA,NA,4300,NA,NA,NA,NA,NA,NA,NA,NA,NA,NA,NA,NA,NA
2013,Bosnia and Herzegovina,8546.09,NA,NA,NA,NA,NA,NA,NA,5210.9,NA,NA,NA,NA,NA,NA,NA,NA,NA,NA,NA,NA,NA
2014,Bosnia and Herzegovina,11426.53,NA,NA,NA,NA,NA,NA,NA,10683,NA,NA,2989.58,NA,NA,NA,NA,NA,NA,NA,NA,NA,NA
2015,Bosnia and Herzegovina,4655,NA,NA,NA,NA,NA,NA,NA,4665,NA,NA,NA,NA,NA,NA,NA,NA,NA,NA,NA,NA,NA
2016,Bosnia and Herzegovina,5665,NA,NA,NA,NA,NA,NA,NA,10792,NA,NA,NA,NA,NA,NA,NA,NA,NA,NA,NA,NA,NA
2017,Bosnia and Herzegovina,4713,NA,NA,NA,NA,NA,NA,NA,5297,NA,NA,NA,NA,NA,NA,NA,NA,NA,NA,NA,NA,NA
2018,Bosnia and Herzegovina,NA,NA,NA,NA,NA,NA,NA,NA,NA,NA,8750.46,NA,NA,NA,NA,NA,NA,NA,NA,NA,NA,NA
2019,Bosnia and Herzegovina,NA,NA,NA,NA,29125.4,NA,NA,NA,NA,NA,NA,NA,NA,NA,NA,NA,NA,NA,NA,NA,NA,NA
2021,Bosnia and Herzegovina,NA,NA,13655.34,NA,NA,NA,NA,NA,NA,NA,NA,NA,NA,NA,NA,NA,NA,NA,NA,NA,NA,NA
2022,Bosnia and Herzegovina,NA,NA,6319.42,NA,NA,NA,NA,NA,NA,NA,NA,NA,NA,NA,NA,NA,NA,NA,NA,NA,NA,NA
2008,Bulgaria,6141,NA,NA,NA,NA,NA,NA,NA,69143.95,NA,NA,NA,3952.1,NA,NA,NA,NA,8627.2,3189.6,NA,NA,NA
2009,Bulgaria,1184,NA,NA,NA,NA,NA,NA,NA,147647.51,NA,NA,NA,NA,NA,NA,NA,NA,NA,23695.190000000002,NA,NA,NA
2010,Bulgaria,23037.53,NA,NA,NA,NA,NA,NA,NA,225147.86,NA,NA,81610.75,NA,NA,NA,NA,NA,NA,21625.05,NA,NA,NA
2011,Bulgaria,29060.66,NA,NA,NA,NA,NA,NA,NA,389327.79,NA,NA,15579.1,NA,NA,NA,3389.88,NA,NA,7404.85,NA,NA,NA
2012,Bulgaria,44312.25,NA,NA,NA,NA,NA,13602.4,NA,428723.04,NA,NA,NA,NA,NA,NA,3561.2200000000003,NA,NA,20266.15,NA,NA,NA
2013,Bulgaria,18443.35,NA,NA,NA,NA,NA,15589.9,NA,330499.86,NA,NA,11183.64,NA,NA,NA,53515.3,NA,NA,20696.21,NA,NA,NA
2014,Bulgaria,27251.83,NA,NA,NA,NA,NA,18821.3,NA,482071.02999999997,NA,NA,5504.88,NA,NA,NA,23618.9,NA,NA,36422.95,NA,NA,NA
2015,Bulgaria,36493,NA,NA,NA,NA,NA,782,NA,340207,NA,NA,23787,NA,NA,NA,106860,NA,NA,101536,NA,NA,NA
2016,Bulgaria,84672,NA,NA,NA,NA,NA,15802,NA,324352,NA,NA,NA,NA,NA,NA,NA,1727708,NA,541593,NA,NA,NA
2017,Bulgaria,76870,NA,NA,NA,NA,NA,15620,NA,458649,NA,NA,4630,NA,NA,NA,NA,2159857,NA,1069582,NA,NA,NA
2018,Bulgaria,NA,NA,NA,12905,NA,NA,14405,NA,NA,NA,2112654,17978,NA,NA,NA,NA,49494.11,NA,NA,NA,NA,NA
2019,Bulgaria,NA,293388,NA,125170,1342137,NA,32739,NA,NA,NA,NA,NA,NA,NA,NA,NA,NA,NA,NA,NA,NA,NA
2020,Bulgaria,NA,231733,NA,42268,1706296,NA,40173,NA,NA,NA,NA,NA,NA,NA,76578,NA,NA,NA,NA,NA,NA,NA
2021,Bulgaria,NA,626597,682061.4,55786,834683,849928,NA,NA,NA,NA,NA,NA,NA,NA,NA,NA,NA,NA,NA,68950.06,NA,NA
2022,Bulgaria,NA,512556,1399568.47,10283,NA,1231849,NA,NA,NA,NA,NA,NA,NA,NA,NA,NA,NA,NA,NA,NA,NA,NA
2014,Cape Verde,1914.88,NA,NA,NA,NA,NA,NA,NA,NA,NA,NA,NA,NA,NA,NA,NA,NA,NA,NA,NA,NA,NA
2015,Cape Verde,2604,NA,NA,NA,NA,NA,NA,NA,NA,NA,NA,NA,NA,NA,NA,NA,NA,NA,NA,NA,NA,NA
2016,Cape Verde,2622,NA,NA,NA,NA,NA,NA,NA,NA,NA,NA,NA,NA,NA,NA,NA,NA,NA,NA,NA,NA,NA
2008,Croatia,NA,NA,NA,NA,NA,NA,NA,NA,166680,NA,NA,NA,NA,NA,NA,NA,NA,NA,NA,NA,NA,NA
2009,Croatia,NA,NA,NA,NA,NA,NA,NA,NA,37104.8,NA,NA,NA,NA,NA,NA,NA,NA,NA,NA,NA,NA,NA
2010,Croatia,NA,NA,NA,NA,NA,NA,NA,NA,50138.46,NA,NA,NA,NA,NA,NA,NA,NA,NA,NA,NA,NA,NA
2011,Croatia,8729.66,NA,NA,NA,NA,NA,NA,NA,6114.46,NA,NA,NA,NA,NA,NA,NA,NA,NA,3285.22,NA,NA,NA
2012,Croatia,10264.08,NA,NA,NA,NA,NA,NA,NA,23288.36,NA,NA,NA,NA,NA,NA,NA,NA,NA,4740,NA,NA,NA
2013,Croatia,NA,NA,NA,NA,NA,NA,NA,NA,59425.17,NA,NA,10041.09,NA,NA,NA,NA,NA,NA,NA,NA,NA,NA
2014,Croatia,1348.2,NA,NA,NA,NA,NA,NA,NA,64104.48,NA,NA,30343.06,NA,NA,NA,NA,NA,NA,8579,NA,NA,NA
2015,Croatia,9739,NA,NA,NA,NA,NA,NA,NA,65854,NA,NA,NA,NA,NA,NA,167,NA,NA,2342209,NA,NA,NA
2016,Croatia,18074,NA,NA,NA,NA,NA,NA,NA,106435,NA,NA,NA,NA,NA,NA,NA,61940,NA,575299,NA,117321,NA
2017,Croatia,3327,NA,NA,NA,NA,NA,NA,NA,193529,NA,NA,37122,NA,NA,NA,NA,23318,NA,1089947,NA,NA,NA
2018,Croatia,NA,NA,NA,16759,NA,NA,31046,NA,NA,NA,1189614,NA,NA,NA,NA,NA,NA,NA,NA,NA,NA,NA
2019,Croatia,NA,NA,NA,10227,1221386.17,NA,140562,NA,NA,NA,NA,NA,NA,NA,NA,NA,NA,NA,NA,NA,55500,8020
2020,Croatia,NA,NA,NA,NA,1560118,NA,84655,NA,NA,NA,NA,NA,NA,NA,NA,NA,NA,NA,NA,NA,NA,NA
2021,Croatia,NA,NA,1084121.8399999999,32726,915011,368889,31664,NA,NA,NA,NA,NA,NA,NA,NA,NA,NA,NA,NA,37900.03,NA,NA
2022,Croatia,NA,NA,2632674.89,NA,NA,380184,NA,NA,NA,NA,NA,NA,NA,NA,NA,NA,NA,NA,NA,NA,NA,NA
2008,Cyprus,1865.69,NA,NA,NA,NA,NA,NA,NA,20801.63,NA,NA,NA,NA,NA,NA,NA,NA,10155.86,NA,NA,NA,NA
2009,Cyprus,NA,NA,NA,NA,NA,NA,NA,NA,29685.2,NA,NA,NA,NA,NA,NA,7433.139999999999,NA,NA,NA,NA,NA,NA
2010,Cyprus,NA,NA,NA,NA,NA,NA,NA,NA,24708.23,NA,NA,10091,NA,NA,NA,11681.68,NA,NA,NA,NA,NA,NA
2011,Cyprus,NA,NA,NA,NA,NA,NA,NA,NA,20972.8,NA,NA,2129,NA,NA,NA,NA,NA,NA,NA,NA,NA,NA
2012,Cyprus,6461.29,NA,NA,NA,NA,NA,NA,NA,NA,NA,NA,NA,NA,NA,NA,NA,NA,NA,1854,NA,NA,NA
2015,Cyprus,NA,NA,NA,NA,NA,NA,NA,NA,7890,NA,NA,11627,NA,NA,NA,NA,NA,NA,211787,NA,NA,NA
2016,Cyprus,1640,NA,NA,NA,NA,NA,NA,NA,NA,NA,NA,NA,NA,NA,NA,NA,NA,NA,35934,NA,NA,NA
2017,Cyprus,NA,NA,NA,NA,NA,NA,NA,NA,14708,NA,NA,NA,NA,NA,NA,NA,32208,NA,57384,NA,NA,NA
2018,Cyprus,NA,NA,NA,NA,NA,NA,NA,NA,NA,NA,75284,NA,NA,NA,NA,NA,NA,NA,NA,NA,NA,NA
2019,Cyprus,NA,NA,NA,NA,70329,NA,NA,NA,NA,NA,NA,NA,NA,NA,NA,NA,NA,NA,NA,NA,NA,NA
2020,Cyprus,NA,NA,NA,NA,31558,NA,NA,NA,NA,NA,NA,NA,NA,NA,NA,NA,NA,NA,NA,78352,NA,NA
2021,Cyprus,NA,NA,107134.08,20534,29523,NA,NA,NA,NA,NA,NA,NA,NA,NA,NA,NA,NA,NA,NA,NA,NA,NA
2022,Cyprus,NA,NA,187182.79,139481,NA,NA,NA,NA,NA,NA,NA,NA,NA,NA,NA,NA,NA,NA,NA,NA,NA,NA
2008,Czech Republic,29430.64,NA,NA,NA,NA,NA,NA,NA,39148.42,NA,NA,NA,NA,NA,NA,NA,NA,NA,NA,NA,NA,NA
2009,Czech Republic,85055.9,NA,NA,NA,NA,NA,NA,NA,19605.88,NA,NA,NA,NA,NA,NA,7845.56,NA,NA,NA,NA,NA,NA
2010,Czech Republic,42386.3,NA,NA,NA,NA,NA,NA,NA,54650.39,NA,NA,30613.2,NA,NA,NA,2787,NA,NA,NA,NA,NA,NA
2011,Czech Republic,59601.34,NA,NA,NA,NA,NA,NA,NA,32043.48,NA,NA,NA,NA,NA,NA,2630,NA,NA,NA,NA,NA,NA
2012,Czech Republic,28937.95,NA,NA,NA,NA,NA,NA,NA,32567.43,NA,NA,NA,NA,NA,NA,523.6,NA,NA,4350.95,NA,NA,NA
2013,Czech Republic,36291.19,NA,NA,NA,NA,NA,4911.3,NA,32546.19,NA,NA,5767.3,NA,NA,NA,NA,NA,NA,8806.1,NA,NA,NA
2014,Czech Republic,36915.76,NA,NA,NA,NA,NA,5927.8,NA,99813.88,NA,NA,NA,NA,NA,NA,NA,NA,NA,32823.32,NA,NA,NA
2015,Czech Republic,43351,NA,NA,NA,NA,NA,8362,NA,71481,NA,NA,7725,NA,NA,NA,11576,NA,NA,195640,NA,NA,NA
2016,Czech Republic,45290,NA,NA,NA,NA,NA,12460,NA,414550,NA,NA,NA,NA,NA,NA,NA,224746,NA,970048,NA,NA,NA
2017,Czech Republic,97664,NA,NA,NA,NA,NA,7025,NA,604945,NA,NA,21195,NA,NA,NA,NA,9304,NA,1321905,NA,NA,NA
2018,Czech Republic,NA,NA,NA,15785,NA,NA,7303,NA,NA,NA,2233850,16928,NA,NA,NA,NA,NA,NA,NA,NA,NA,NA
2019,Czech Republic,NA,NA,NA,56110,2885602.01,NA,NA,NA,NA,NA,NA,NA,NA,NA,NA,NA,NA,NA,NA,NA,NA,NA
2020,Czech Republic,NA,NA,NA,36105,3392821,NA,36936,NA,NA,NA,NA,NA,NA,NA,NA,NA,NA,NA,NA,198113,NA,NA
2021,Czech Republic,NA,NA,703184.56,29028,1588326,NA,48022,NA,NA,NA,NA,NA,NA,NA,NA,NA,NA,NA,NA,14200.01,NA,NA
2022,Czech Republic,NA,NA,2626643.33,25622.18,NA,NA,NA,NA,NA,NA,NA,NA,NA,NA,NA,NA,NA,NA,NA,NA,NA,NA
2008,Denmark,26537.45,NA,NA,NA,NA,NA,NA,NA,33179.6,NA,NA,NA,NA,NA,NA,NA,NA,NA,NA,NA,NA,NA
2009,Denmark,29128.97,NA,NA,NA,NA,NA,NA,NA,6350.1,NA,NA,NA,NA,NA,NA,NA,NA,NA,141332.96,NA,NA,NA
2010,Denmark,NA,NA,NA,NA,NA,NA,NA,NA,73895.37,NA,NA,194025.22,NA,NA,NA,10730.46,NA,NA,78227.68,NA,NA,NA
2011,Denmark,6779.81,NA,NA,NA,NA,NA,NA,NA,101801.54000000001,NA,NA,163096.83,NA,NA,NA,23212.45,NA,NA,52252.5,NA,NA,44602.58
2012,Denmark,28907.37,NA,NA,NA,NA,NA,NA,NA,44047.11,NA,NA,NA,NA,NA,NA,62806.23,NA,NA,38932.45,NA,NA,NA
2013,Denmark,NA,NA,NA,NA,NA,NA,NA,NA,21117.86,NA,NA,NA,NA,NA,NA,60972.36,NA,NA,89721.33,NA,NA,NA
2014,Denmark,19055.63,NA,NA,NA,NA,NA,7423.66,NA,37595.520000000004,NA,NA,4180.49,NA,NA,NA,181883.18,NA,NA,90700.67,NA,NA,NA
2015,Denmark,42744,NA,NA,NA,NA,NA,NA,NA,44657,NA,NA,14201,NA,NA,NA,591297,NA,NA,1198053,NA,NA,NA
2016,Denmark,14165,NA,NA,NA,NA,NA,NA,NA,110840,NA,NA,12000,NA,NA,NA,NA,2748042,NA,1235454,NA,NA,NA
2017,Denmark,8857,NA,NA,NA,NA,NA,NA,NA,38924,NA,NA,NA,NA,NA,NA,NA,1818014,NA,2793728,NA,NA,NA
2018,Denmark,NA,NA,NA,5783,NA,NA,NA,NA,NA,NA,4839667,8929,NA,NA,NA,NA,NA,NA,NA,NA,NA,NA
2019,Denmark,NA,70500,NA,114980,4391080,NA,NA,NA,NA,NA,NA,NA,NA,NA,NA,NA,NA,NA,NA,NA,NA,NA
2020,Denmark,NA,NA,NA,NA,6447333.7,NA,NA,NA,NA,NA,NA,NA,NA,NA,NA,NA,NA,NA,NA,428004,NA,NA
2021,Denmark,NA,NA,1700774.01,1875,4085315,1327890.33,NA,NA,NA,NA,NA,NA,NA,NA,NA,NA,NA,NA,NA,NA,NA,NA
2022,Denmark,NA,NA,4809306.04,184022,NA,4813780,NA,NA,NA,NA,NA,NA,NA,NA,NA,NA,NA,NA,NA,NA,NA,NA
2008,Estonia,16884.14,NA,NA,NA,NA,NA,NA,NA,51894.17,NA,NA,NA,NA,NA,NA,NA,NA,NA,12308.58,NA,NA,NA
2009,Estonia,12341.6,NA,NA,NA,NA,NA,NA,NA,190968.25999999998,NA,NA,NA,NA,NA,NA,8112,NA,NA,215768.25999999998,NA,NA,NA
2010,Estonia,34703.41,NA,NA,NA,NA,NA,NA,NA,239919.58,NA,NA,179328.68,NA,NA,NA,NA,NA,NA,11132.28,NA,NA,NA
2011,Estonia,51088.73,NA,NA,NA,NA,NA,NA,NA,396788.25,NA,NA,216454.41,NA,NA,NA,31975.620000000003,NA,NA,41880.94,NA,NA,NA
2012,Estonia,23406.5,NA,NA,NA,NA,NA,15448.88,NA,678517.76,NA,NA,NA,NA,NA,NA,25124,NA,NA,51705.399999999994,NA,NA,NA
2013,Estonia,28724.15,NA,NA,NA,NA,NA,10076.19,NA,349320.01,NA,NA,4344.2,NA,NA,NA,6118.26,NA,NA,23827.190000000002,NA,NA,NA
2014,Estonia,39388.840000000004,NA,NA,NA,NA,NA,10482.93,NA,268836.27,NA,NA,13229.48,NA,NA,NA,NA,NA,NA,583616.06,NA,NA,NA
2015,Estonia,28778,NA,NA,NA,NA,NA,21733,NA,229008,NA,NA,15849,NA,NA,NA,1124,NA,NA,272766,NA,NA,NA
2016,Estonia,44511,NA,NA,NA,NA,NA,31982,NA,339528,NA,NA,NA,NA,NA,NA,NA,259863,NA,946632,NA,NA,NA
2017,Estonia,28438,NA,NA,NA,NA,NA,26410,NA,436699,NA,NA,16604,NA,NA,NA,NA,42294,NA,564311,NA,51933,NA
2018,Estonia,NA,NA,NA,NA,NA,NA,34685,NA,NA,NA,1713291,16345,NA,NA,NA,NA,NA,NA,NA,NA,NA,NA
2019,Estonia,NA,NA,NA,NA,1654362.01,NA,38199,NA,NA,NA,NA,NA,NA,NA,NA,NA,NA,NA,NA,NA,49320.58,NA
2020,Estonia,NA,NA,NA,201797.88,1542886,NA,59287,83304,NA,NA,NA,NA,NA,NA,NA,NA,NA,NA,NA,165442,NA,NA
2021,Estonia,NA,NA,519862.08,158666.67,1259947,143210,30391,NA,NA,NA,NA,NA,NA,NA,NA,NA,NA,NA,NA,27433.36,NA,NA
2022,Estonia,NA,NA,1690503.62,194265.05,NA,763027,NA,NA,NA,NA,NA,NA,NA,NA,NA,NA,NA,NA,NA,NA,NA,NA
2008,Finland,55833.4,NA,NA,NA,NA,NA,NA,NA,87672.72,NA,NA,NA,NA,NA,NA,NA,NA,NA,546863.02,NA,NA,NA
2009,Finland,52707.19,NA,NA,NA,NA,NA,NA,NA,152206.75,NA,NA,NA,NA,NA,NA,6602.98,NA,NA,443182.37,NA,NA,NA
2010,Finland,39121.7,NA,NA,NA,NA,NA,NA,NA,198994.6,NA,NA,72229.95,NA,NA,NA,178833.4,NA,NA,690173.59,NA,NA,NA
2011,Finland,55267.17,NA,NA,NA,NA,NA,NA,NA,298497.93,NA,NA,47351.74,NA,NA,NA,493589.68,NA,NA,1204345.91,NA,NA,NA
2012,Finland,31408.21,NA,NA,NA,NA,NA,NA,NA,208942.97,NA,NA,NA,NA,NA,NA,160200.22,NA,NA,448005.5,NA,NA,NA
2013,Finland,50100.61,NA,NA,NA,NA,NA,NA,NA,265862.38,NA,NA,6169.87,NA,NA,NA,182276.18,NA,NA,773833.87,NA,NA,NA
2014,Finland,25503.17,NA,NA,NA,NA,NA,NA,NA,293444.32,NA,NA,10113.64,NA,NA,NA,363027.21,NA,NA,2043518.22,NA,NA,NA
2015,Finland,59691,NA,NA,NA,NA,NA,NA,NA,237491,NA,NA,3553,NA,NA,NA,311908,NA,NA,870238,NA,NA,NA
2016,Finland,56733,NA,NA,NA,NA,NA,8107,NA,274092,NA,NA,NA,NA,NA,NA,NA,1628034,NA,3490474,NA,NA,NA
2017,Finland,41767,NA,NA,NA,NA,NA,8107,NA,207396,NA,NA,NA,NA,532943,NA,NA,1636631,NA,3986028,NA,NA,NA
2018,Finland,NA,NA,NA,270816,NA,NA,NA,NA,NA,NA,2334073,25736,NA,NA,NA,NA,451909.98,NA,NA,NA,NA,NA
2019,Finland,NA,NA,NA,496574,1284337,NA,NA,NA,NA,NA,NA,NA,NA,NA,NA,NA,NA,NA,NA,NA,NA,NA
2020,Finland,NA,NA,NA,661805.49,1366511,NA,NA,15067,NA,NA,NA,NA,NA,NA,NA,NA,NA,NA,NA,390930,NA,NA
2021,Finland,NA,NA,1007979.48,437064.62,1293219,NA,21228,NA,NA,NA,NA,NA,NA,NA,NA,NA,NA,NA,NA,19733.35,NA,NA
2022,Finland,NA,NA,2543956.1399999997,542982.96,NA,711965,NA,NA,NA,NA,NA,NA,NA,NA,NA,NA,NA,NA,NA,NA,NA,NA
2008,France,97478.29,NA,NA,NA,NA,NA,NA,NA,20189.93,NA,NA,NA,NA,NA,NA,67386,NA,NA,2364539.07,NA,NA,NA
2009,France,221476.56,NA,NA,NA,NA,NA,NA,NA,47662.009999999995,NA,NA,NA,NA,NA,NA,518097.08,NA,NA,1456645.68,NA,NA,NA
2010,France,108566.11,NA,NA,NA,NA,NA,NA,NA,69989.39,NA,NA,96784,NA,NA,NA,637820.88,NA,NA,1053149.34,NA,NA,NA
2011,France,89060.7,NA,NA,NA,NA,NA,NA,NA,177064.14,NA,NA,61548,NA,NA,NA,563410.62,NA,NA,871293.76,NA,NA,NA
2012,France,88059.83,NA,NA,NA,NA,NA,NA,NA,192331.36,NA,NA,NA,NA,NA,NA,288937.78,NA,NA,170125.9,NA,NA,NA
2013,France,111628.36,NA,NA,NA,NA,NA,NA,NA,118580.97,NA,NA,5478.4,NA,NA,NA,364283.92,NA,NA,266990.16,NA,NA,NA
2014,France,99148.02,NA,NA,NA,NA,NA,NA,NA,152812.05,NA,NA,3859.49,NA,NA,NA,464992.04,NA,NA,909854.8,NA,NA,NA
2015,France,97513,NA,NA,NA,NA,NA,5793,NA,116536,NA,NA,7176,NA,NA,NA,373055,NA,NA,2287951,NA,NA,NA
2016,France,79605,NA,NA,NA,NA,NA,8624,NA,107752,NA,NA,NA,NA,NA,NA,NA,2093812,NA,6504490,NA,NA,NA
2017,France,135992,NA,NA,NA,NA,NA,NA,NA,138450,NA,NA,50490,NA,NA,NA,NA,3582033,NA,6346157,NA,NA,NA
2018,France,NA,NA,NA,1656826,NA,NA,NA,NA,NA,NA,7021281,25736,NA,NA,NA,NA,1438948,NA,NA,NA,43435,NA
2019,France,NA,NA,NA,2971603.2,5825214,NA,NA,NA,NA,NA,NA,NA,NA,NA,NA,NA,NA,NA,NA,NA,NA,NA
2020,France,NA,20242,NA,2243880.12,3025999,NA,NA,NA,NA,NA,NA,NA,NA,NA,NA,NA,NA,NA,NA,1948032,NA,NA
2021,France,NA,NA,906562.39,2661594,4543629.13,759511,NA,NA,NA,NA,NA,NA,NA,NA,NA,NA,NA,NA,NA,NA,NA,NA
2022,France,NA,NA,7261676.68,3781869,NA,1845449,NA,NA,NA,NA,NA,NA,NA,NA,NA,NA,NA,NA,NA,NA,NA,NA
2014,Georgia,7013.67,NA,NA,NA,NA,NA,NA,NA,NA,NA,NA,NA,NA,NA,NA,NA,NA,NA,4196,NA,NA,NA
2015,Georgia,9527,NA,NA,NA,NA,NA,NA,NA,6386,NA,NA,NA,NA,NA,NA,NA,NA,NA,NA,NA,NA,NA
2016,Georgia,15074,NA,NA,NA,NA,NA,NA,NA,17167,NA,NA,NA,NA,NA,NA,NA,5795,NA,NA,NA,NA,NA
2017,Georgia,26705,NA,NA,NA,NA,NA,NA,NA,32874,NA,NA,NA,NA,NA,NA,NA,13420,NA,15702,NA,NA,NA
2018,Georgia,NA,NA,NA,40863.3,NA,NA,NA,NA,NA,NA,58800.64,NA,NA,NA,NA,NA,10978.2,NA,NA,NA,NA,NA
2019,Georgia,NA,NA,NA,29756.7,224341.55,NA,NA,NA,NA,NA,NA,NA,NA,NA,NA,NA,NA,NA,NA,NA,NA,NA
2020,Georgia,NA,NA,NA,15857.4,27828.62,NA,NA,NA,NA,NA,NA,NA,NA,NA,NA,NA,NA,NA,NA,NA,NA,NA
2021,Georgia,NA,NA,38601.32,41441.1,29346.89,NA,NA,NA,NA,NA,NA,NA,NA,NA,NA,NA,NA,NA,NA,NA,NA,NA
2022,Georgia,NA,NA,31783.28,47255.590000000004,NA,NA,NA,NA,NA,NA,NA,NA,NA,NA,NA,NA,NA,NA,NA,NA,NA,NA
2008,Germany,380576.01,NA,NA,NA,NA,NA,NA,NA,701930.57,NA,NA,NA,NA,NA,NA,64829,NA,NA,1787370.15,NA,NA,NA
2009,Germany,534963.36,NA,NA,NA,NA,NA,NA,NA,830003.3200000001,NA,NA,NA,NA,NA,NA,616836.37,NA,NA,1676306.29,NA,NA,NA
2010,Germany,271744.36,NA,NA,NA,NA,NA,NA,NA,334345.37,NA,NA,500882.87,NA,NA,NA,1106257.73,NA,NA,1122594.96,NA,NA,NA
2011,Germany,308083.83,NA,NA,NA,NA,NA,NA,NA,780079.33,NA,NA,NA,NA,NA,NA,945700.36,NA,NA,751395.17,NA,NA,NA
2012,Germany,324969.99,NA,NA,NA,NA,NA,42736.5,NA,1347523.11,NA,NA,NA,NA,NA,NA,1176072.02,NA,NA,34962.99,NA,NA,NA
2013,Germany,173057.99,NA,NA,NA,NA,NA,NA,NA,953505.9,NA,NA,12122.67,NA,NA,NA,982781.9400000001,NA,NA,28706.28,NA,NA,NA
2014,Germany,78111.93,NA,NA,NA,NA,NA,6918.62,NA,634873.51,NA,NA,17173.93,NA,NA,NA,780078.66,NA,NA,46211.48,NA,NA,NA
2015,Germany,62985,NA,NA,NA,NA,NA,34067,NA,927411,NA,NA,43402,NA,NA,NA,2244679,NA,NA,1485578,NA,NA,NA
2016,Germany,101098,NA,NA,NA,NA,NA,59376,NA,1007212,NA,NA,NA,NA,NA,NA,NA,14529139,NA,9486537,NA,NA,NA
2017,Germany,102835,NA,NA,NA,NA,NA,38277,NA,3247612,NA,NA,64159,NA,NA,NA,NA,16694357,NA,7122137,NA,131897,NA
2018,Germany,NA,NA,NA,18632760.06,NA,NA,28294,NA,NA,NA,11259816,28181,NA,NA,NA,NA,4207120,NA,NA,NA,NA,NA
2019,Germany,NA,NA,NA,26906032.59,9992905.7,NA,NA,NA,NA,NA,NA,NA,NA,NA,NA,NA,NA,NA,NA,NA,NA,NA
2020,Germany,NA,110304.12,NA,16548707.99,11812177.47,NA,NA,NA,NA,NA,NA,NA,NA,NA,NA,NA,NA,NA,NA,2423669,NA,NA
2021,Germany,NA,99570.85,6798341.44,24774127,10209802,2456941,66679,NA,NA,NA,NA,NA,NA,NA,NA,NA,NA,NA,NA,NA,NA,NA
2022,Germany,NA,18433.71,16793601.81,21302195,NA,2705783,NA,NA,NA,NA,NA,NA,NA,NA,NA,NA,NA,NA,NA,NA,NA,NA
2008,Greece,25461.27,NA,NA,NA,NA,NA,NA,NA,34501.14,NA,NA,NA,NA,NA,NA,6680,NA,NA,3637280.92,NA,NA,NA
2009,Greece,15805.4,NA,NA,NA,NA,NA,NA,NA,50077.79,NA,NA,NA,NA,NA,NA,7166.5,NA,NA,6172789.1,NA,NA,NA
2010,Greece,NA,NA,NA,NA,NA,NA,NA,NA,482998.27,NA,NA,NA,NA,NA,NA,45552.34,NA,NA,3236643.9299999997,NA,NA,NA
2011,Greece,11211.36,NA,NA,NA,NA,NA,NA,NA,1132592.11,NA,NA,202182,NA,NA,NA,4787.9,NA,NA,3276646.54,NA,NA,NA
2012,Greece,22372.11,NA,NA,NA,NA,NA,8071.15,NA,911747.15,NA,NA,NA,NA,21087.27,NA,13034.25,NA,NA,3391611.91,NA,NA,NA
2013,Greece,1693,NA,NA,NA,NA,NA,14931.849999999999,NA,48356.7,NA,NA,NA,NA,NA,NA,NA,NA,NA,2929074.83,NA,NA,NA
2014,Greece,2000,NA,NA,NA,NA,NA,4686.6,NA,21679.8,NA,NA,NA,NA,NA,NA,9310.07,NA,NA,2915885.08,NA,NA,NA
2015,Greece,242,NA,NA,NA,NA,NA,47901,NA,162195,NA,NA,48435,NA,NA,NA,NA,NA,NA,7455986,NA,NA,NA
2016,Greece,9101,NA,NA,NA,NA,NA,94342,NA,770824,NA,NA,NA,NA,NA,NA,NA,4609,NA,12547837,NA,NA,NA
2017,Greece,14032,NA,NA,NA,NA,NA,102446,NA,62949,NA,NA,NA,NA,NA,NA,NA,80563,NA,17077876,NA,NA,NA
2018,Greece,NA,NA,NA,14285,NA,NA,114989,NA,NA,NA,11949400,NA,NA,NA,NA,NA,15438,NA,NA,NA,NA,NA
2019,Greece,NA,NA,NA,13832,8946329.92,NA,220138,NA,NA,NA,NA,NA,NA,NA,NA,NA,NA,NA,NA,NA,NA,NA
2020,Greece,NA,NA,NA,3943,6270659,NA,104293,NA,NA,NA,NA,NA,NA,NA,NA,NA,NA,NA,NA,460311,NA,NA
2021,Greece,NA,NA,822683.33,NA,6677439,1307926,137900,NA,NA,NA,NA,NA,NA,NA,NA,NA,NA,NA,NA,366300.29,NA,NA
2022,Greece,NA,NA,5943639.94,NA,NA,9610638,NA,NA,NA,NA,NA,NA,NA,NA,NA,NA,NA,NA,NA,NA,NA,NA
2008,Hungary,21254.1,NA,NA,NA,NA,NA,NA,NA,262816.17,NA,NA,NA,NA,NA,NA,NA,NA,NA,NA,NA,NA,NA
2009,Hungary,49704.3,NA,NA,NA,NA,NA,NA,NA,530489.06,NA,NA,NA,NA,NA,NA,3897.24,NA,NA,NA,NA,NA,NA
2010,Hungary,9072.8,NA,NA,NA,NA,NA,NA,NA,420037.57,NA,NA,97376.78,NA,NA,NA,49510.08,NA,NA,33397,NA,NA,NA
2011,Hungary,65850.73,NA,NA,NA,NA,NA,NA,NA,314458.56,NA,NA,NA,NA,NA,NA,14429.06,NA,NA,28102.65,NA,NA,NA
2012,Hungary,23461.55,NA,NA,NA,NA,NA,7834.5,NA,144772.27,NA,NA,NA,NA,NA,NA,10771.69,NA,NA,24224,NA,NA,NA
2013,Hungary,40975.65,NA,NA,NA,NA,NA,NA,NA,225426.62,NA,NA,6584.78,NA,NA,NA,11419,NA,NA,7515.68,NA,NA,NA
2014,Hungary,20545.07,NA,NA,NA,NA,NA,NA,NA,82187.67,NA,NA,NA,NA,NA,NA,137370.7,NA,NA,NA,NA,NA,NA
2015,Hungary,23225,NA,NA,NA,NA,NA,642,NA,172130,NA,NA,NA,NA,NA,NA,150397,NA,NA,8348,NA,NA,NA
2016,Hungary,33514,NA,NA,NA,NA,NA,19054,NA,353789,NA,NA,NA,NA,NA,NA,NA,310958,NA,54105,NA,NA,NA
2017,Hungary,39869,NA,NA,NA,NA,NA,16270,NA,300358,NA,NA,47150,NA,NA,NA,NA,583781,NA,99597,NA,110695,NA
2018,Hungary,NA,NA,NA,100905.88,NA,NA,16691,NA,NA,NA,741512,8578,NA,NA,NA,NA,191463,NA,NA,NA,113998.44,NA
2019,Hungary,NA,NA,NA,106692,539517,NA,21187,NA,NA,NA,NA,NA,NA,NA,NA,NA,NA,NA,NA,NA,113998.44,NA
2020,Hungary,NA,NA,NA,44166,938422,NA,16717,NA,NA,NA,NA,NA,NA,NA,NA,NA,NA,NA,NA,NA,NA,NA
2021,Hungary,NA,NA,948841.09,70598,2375809,NA,41504,NA,NA,NA,NA,NA,NA,NA,NA,NA,NA,NA,NA,35950.03,NA,NA
2022,Hungary,NA,NA,4263361.37,38232,NA,NA,NA,NA,NA,NA,NA,NA,NA,NA,NA,NA,NA,NA,NA,NA,NA,NA
2008,Iceland,4581.97,NA,NA,NA,NA,NA,NA,NA,NA,NA,NA,NA,NA,NA,NA,NA,NA,NA,NA,NA,NA,NA
2009,Iceland,41168.54,NA,NA,NA,NA,NA,NA,NA,NA,NA,NA,NA,NA,NA,NA,9642.6,NA,NA,NA,NA,NA,NA
2010,Iceland,NA,NA,NA,NA,NA,NA,NA,NA,NA,NA,NA,NA,NA,NA,NA,3550.4,NA,NA,4397923.29,NA,NA,NA
2011,Iceland,13385.45,NA,NA,NA,NA,NA,NA,NA,NA,NA,NA,5481.13,NA,NA,NA,NA,NA,NA,5142411.21,NA,NA,NA
2012,Iceland,8764.3,NA,NA,NA,NA,NA,NA,NA,NA,NA,NA,NA,NA,NA,NA,NA,NA,NA,4308596.84,NA,NA,NA
2013,Iceland,NA,NA,NA,NA,NA,NA,NA,NA,NA,NA,NA,NA,NA,NA,NA,130522.68,NA,NA,3511416.08,NA,NA,NA
2014,Iceland,3712.9,NA,NA,NA,NA,NA,NA,NA,NA,NA,NA,NA,NA,NA,NA,7469,NA,NA,4294573.8100000005,NA,NA,NA
2015,Iceland,3974,NA,NA,NA,NA,NA,NA,NA,NA,NA,NA,NA,NA,NA,NA,139541,NA,NA,4275937,NA,NA,NA
2016,Iceland,8653,NA,NA,NA,NA,NA,NA,NA,NA,NA,NA,NA,NA,NA,NA,NA,917697,NA,659270,NA,NA,NA
2017,Iceland,NA,NA,NA,NA,NA,NA,NA,NA,NA,NA,NA,NA,NA,NA,NA,NA,1891471,NA,3245303,NA,NA,NA
2018,Iceland,NA,NA,NA,396565,NA,NA,NA,NA,NA,NA,2580912,NA,NA,NA,NA,NA,790936.7,NA,NA,NA,NA,NA
2019,Iceland,NA,NA,NA,315411,2919418,NA,NA,NA,NA,NA,NA,NA,NA,NA,NA,NA,NA,NA,NA,NA,NA,NA
2020,Iceland,NA,NA,NA,328427.54000000004,2463620,NA,NA,NA,NA,NA,NA,NA,NA,NA,NA,NA,NA,NA,NA,NA,NA,NA
2021,Iceland,NA,NA,155119.91,164632,3295583,NA,NA,NA,NA,NA,NA,NA,NA,NA,NA,NA,NA,NA,NA,NA,NA,NA
2022,Iceland,NA,NA,299633.16,28661,NA,3036721,NA,NA,NA,NA,NA,NA,NA,NA,NA,NA,NA,NA,NA,NA,NA,NA
2008,Ireland,80573.8,NA,NA,NA,NA,NA,NA,NA,NA,NA,NA,NA,NA,NA,NA,NA,NA,NA,NA,NA,NA,NA
2009,Ireland,25150.559999999998,NA,NA,NA,NA,NA,NA,NA,NA,NA,NA,NA,NA,NA,NA,384188.36,NA,NA,NA,NA,NA,NA
2010,Ireland,NA,NA,NA,NA,NA,NA,NA,NA,NA,NA,NA,NA,NA,NA,NA,470031.37,NA,NA,NA,NA,NA,NA
2011,Ireland,NA,NA,NA,NA,NA,NA,NA,NA,NA,NA,NA,NA,NA,NA,NA,188755.13999999998,NA,NA,NA,NA,NA,NA
2012,Ireland,4864.76,NA,NA,NA,NA,NA,NA,NA,NA,NA,NA,NA,NA,NA,NA,184003.02,NA,NA,NA,NA,NA,NA
2013,Ireland,NA,NA,NA,NA,NA,NA,NA,NA,NA,NA,NA,NA,NA,NA,NA,226177.9,NA,NA,NA,NA,NA,NA
2014,Ireland,13188.82,NA,NA,NA,NA,NA,NA,NA,NA,NA,NA,NA,NA,NA,NA,NA,NA,NA,NA,NA,NA,NA
2015,Ireland,NA,NA,NA,NA,NA,NA,NA,NA,NA,NA,NA,NA,NA,NA,NA,186701,NA,NA,NA,NA,NA,NA
2008,Italy,280618.88,NA,NA,NA,NA,NA,NA,NA,135682.86,NA,NA,NA,NA,NA,NA,214566.43,NA,17333.7,8272725.340000001,NA,NA,NA
2009,Italy,177129.51,NA,NA,NA,NA,NA,NA,NA,102556.79,NA,NA,NA,67801.8,NA,NA,298050,NA,NA,4158723.19,NA,NA,NA
2010,Italy,105488.51,NA,NA,NA,NA,NA,NA,NA,32548.399999999998,NA,NA,82530,NA,NA,NA,365885.11,NA,NA,5325184.53,NA,NA,NA
2011,Italy,59025.11,NA,NA,NA,NA,NA,NA,NA,161660.28,NA,NA,37134,NA,NA,NA,382813.28,NA,NA,15756107.61,NA,NA,NA
2012,Italy,116223.04000000001,NA,NA,NA,NA,NA,NA,NA,64368.28,NA,NA,NA,NA,NA,NA,1030941.7999999999,NA,NA,4638190.22,NA,NA,NA
2013,Italy,102337.4,NA,NA,NA,NA,NA,NA,NA,49787.1,NA,NA,NA,NA,NA,NA,820864.3,NA,NA,4406251.21,NA,NA,NA
2014,Italy,128252.08,NA,NA,NA,NA,NA,37711.08,NA,38522.14,NA,NA,NA,NA,NA,NA,1130958.12,NA,NA,7097630.71,NA,NA,NA
2015,Italy,71545,NA,NA,NA,NA,NA,81199,NA,267583,NA,NA,26609,NA,NA,NA,2478771,NA,NA,14568996,NA,NA,NA
2016,Italy,149594,NA,NA,NA,NA,NA,134777,NA,425204,NA,NA,NA,NA,NA,NA,NA,2246645,NA,18457749,NA,NA,NA
2017,Italy,182639,NA,NA,NA,NA,NA,182107,NA,63026,NA,NA,NA,NA,NA,NA,NA,4819514,NA,13253507,NA,134004,NA
2018,Italy,NA,NA,NA,4132090,NA,NA,590175,NA,NA,NA,12780373,NA,NA,NA,NA,NA,1747512,NA,NA,NA,NA,NA
2019,Italy,NA,NA,NA,5183338.9399999995,15779463.71,NA,275917,64919.78,NA,NA,NA,NA,NA,NA,NA,NA,NA,NA,NA,NA,NA,NA
2020,Italy,NA,NA,NA,3192370.73,11946318,NA,251367,47684,NA,NA,NA,NA,NA,NA,NA,NA,NA,NA,NA,NA,3695630,NA
2021,Italy,NA,426961,4719456.42,7267638,15033893,3922510,756024,NA,NA,NA,NA,NA,NA,NA,NA,NA,NA,NA,NA,92600.07,281354.66,NA
2022,Italy,NA,32588,10577375.04,10234161,NA,18375758,NA,NA,NA,NA,NA,NA,NA,NA,NA,NA,NA,NA,NA,NA,238360,NA
2017,Kosovo,8954,NA,NA,NA,NA,NA,NA,NA,9777,NA,NA,NA,NA,NA,NA,NA,NA,NA,10284,NA,NA,NA
2018,Kosovo,NA,NA,NA,NA,NA,NA,NA,NA,NA,NA,99814.95,NA,NA,NA,NA,NA,NA,NA,NA,NA,NA,NA
2019,Kosovo,NA,NA,NA,NA,154789.41,NA,NA,NA,NA,NA,NA,NA,NA,NA,NA,NA,NA,NA,NA,NA,NA,NA
2021,Kosovo,NA,NA,NA,NA,27156.6,NA,NA,NA,NA,NA,NA,NA,NA,NA,NA,NA,NA,NA,NA,NA,NA,NA
2022,Kosovo,NA,NA,20111.72,NA,NA,NA,NA,NA,NA,NA,NA,NA,NA,NA,NA,NA,NA,NA,NA,NA,NA,NA
2008,Latvia,12277.68,NA,NA,NA,NA,NA,NA,NA,75470.62,NA,NA,NA,NA,NA,NA,NA,NA,NA,10039.84,NA,NA,NA
2009,Latvia,54898.119999999995,NA,NA,NA,NA,NA,NA,NA,174676.02000000002,NA,NA,NA,NA,NA,NA,11400.1,NA,NA,428849.64,NA,NA,NA
2010,Latvia,71382.45,NA,NA,NA,NA,NA,NA,NA,524649.31,NA,NA,51112,NA,NA,NA,76680.63,NA,NA,2055128.5999999999,NA,NA,NA
2011,Latvia,61460.51,NA,NA,NA,NA,NA,NA,NA,408734.06,NA,NA,26638.4,NA,NA,NA,116454.47,NA,NA,1680476.85,NA,NA,NA
2012,Latvia,81173.38,NA,NA,NA,NA,NA,NA,NA,840420.51,NA,NA,NA,NA,NA,NA,96127.14,NA,NA,1855776.21,NA,NA,NA
2013,Latvia,39498.65,NA,NA,NA,NA,NA,NA,NA,322201.23,NA,NA,6184.6,NA,NA,NA,10980.34,NA,NA,746818.77,NA,NA,NA
2014,Latvia,39869.81,NA,NA,NA,NA,NA,6739.4,NA,496443.87,NA,NA,3941.88,NA,NA,NA,10912.93,NA,NA,1087081.4,NA,NA,NA
2015,Latvia,36352,NA,NA,NA,NA,NA,NA,NA,498693,NA,NA,NA,NA,NA,NA,NA,NA,NA,2637677,NA,NA,NA
2016,Latvia,86571,NA,NA,NA,NA,NA,NA,NA,703430,NA,NA,NA,NA,NA,NA,NA,228242,NA,4718800,NA,NA,NA
2017,Latvia,45735,NA,NA,NA,NA,NA,84706,NA,697169,NA,NA,38400,NA,NA,NA,NA,18190,NA,7366739,NA,NA,NA
2018,Latvia,NA,NA,NA,NA,NA,NA,89506,NA,NA,NA,8356921,17208,NA,NA,NA,NA,NA,NA,NA,NA,NA,NA
2019,Latvia,NA,NA,NA,11075,7514972.9,NA,105587,NA,NA,NA,221354,NA,NA,NA,NA,NA,NA,NA,NA,NA,56290,NA
2020,Latvia,NA,59176,NA,NA,7409091,NA,86983,NA,NA,NA,NA,NA,NA,NA,NA,NA,NA,NA,NA,NA,NA,NA
2021,Latvia,NA,NA,1099209.21,NA,7263091,1746862.5,NA,NA,NA,NA,NA,NA,NA,NA,NA,NA,NA,NA,NA,77500.06,NA,NA
2022,Latvia,NA,NA,2423153.06,NA,NA,6433772,NA,NA,NA,NA,NA,NA,NA,NA,NA,NA,NA,NA,NA,NA,NA,NA
2008,Lithuania,49859.87,NA,NA,NA,NA,NA,NA,NA,5806.25,NA,NA,NA,NA,NA,NA,NA,NA,NA,289242.10000000003,NA,NA,NA
2009,Lithuania,42355.74,NA,NA,NA,NA,NA,NA,NA,504703.02999999997,NA,NA,NA,98630.08,NA,NA,NA,NA,NA,314494.9,NA,NA,NA
2010,Lithuania,10804.130000000001,NA,NA,NA,NA,NA,NA,NA,353617.73,NA,NA,15053,NA,NA,NA,NA,NA,NA,493182.70999999996,NA,NA,NA
2011,Lithuania,24971.36,NA,NA,NA,NA,NA,NA,NA,175773.08000000002,NA,NA,269321.2,NA,NA,NA,NA,NA,NA,708132.55,NA,NA,NA
2012,Lithuania,54115.54,NA,NA,NA,NA,NA,NA,NA,527860.04,NA,NA,NA,NA,NA,NA,NA,NA,NA,660268.76,NA,NA,NA
2013,Lithuania,6794.5,NA,NA,NA,NA,NA,NA,NA,100378.84,NA,NA,NA,NA,NA,NA,NA,NA,NA,12762.369999999999,NA,NA,NA
2014,Lithuania,23642.010000000002,NA,NA,NA,NA,NA,30987.199999999997,NA,116282.56,NA,NA,NA,NA,NA,NA,NA,NA,NA,100039.65,NA,NA,NA
2015,Lithuania,51768,NA,NA,NA,NA,NA,28578,NA,258745,NA,NA,12558,NA,NA,NA,10557,NA,NA,670465,NA,NA,NA
2016,Lithuania,42911,NA,NA,NA,NA,NA,79255,NA,408514,NA,NA,NA,NA,NA,NA,NA,308091,NA,1151886,NA,NA,NA
2017,Lithuania,83067,NA,NA,NA,NA,NA,108744,NA,312956,NA,NA,49183,NA,NA,NA,NA,409581,NA,989331,NA,56836,NA
2018,Lithuania,NA,NA,NA,25275,NA,NA,109639,NA,NA,NA,2854550,10409,NA,NA,NA,NA,NA,NA,NA,NA,56566.32,NA
2019,Lithuania,NA,NA,NA,NA,3324973.38,NA,109407,NA,NA,NA,NA,NA,NA,NA,NA,NA,NA,NA,NA,NA,NA,NA
2020,Lithuania,NA,NA,NA,NA,3297029,NA,134525,NA,NA,NA,NA,NA,NA,NA,NA,NA,NA,NA,NA,174015,NA,NA
2021,Lithuania,NA,13452,931330.96,30760.05,2372359.02,266488,83336,NA,NA,NA,NA,NA,NA,NA,NA,NA,NA,NA,NA,127666.77,NA,NA
2022,Lithuania,NA,NA,1704073.43,263107,NA,1688160,NA,NA,NA,NA,NA,NA,NA,NA,NA,NA,NA,NA,NA,NA,NA,NA
2008,Luxembourg,15884.43,NA,NA,NA,NA,NA,NA,NA,2899.93,NA,NA,NA,NA,NA,NA,775,NA,NA,1732892.51,NA,NA,NA
2009,Luxembourg,10589.62,NA,NA,NA,NA,NA,NA,NA,273094.64,NA,NA,NA,98585.69,NA,NA,42825.34,NA,NA,3083319.1,NA,NA,NA
2010,Luxembourg,NA,NA,NA,NA,NA,NA,NA,NA,3120,NA,NA,22644,NA,NA,NA,NA,NA,NA,2799458.92,NA,NA,NA
2011,Luxembourg,15743.74,NA,NA,NA,NA,NA,NA,NA,5765.639999999999,NA,NA,614971.04,NA,NA,NA,19261,NA,NA,1826739.54,NA,NA,NA
2012,Luxembourg,6392.36,NA,NA,NA,NA,NA,NA,NA,4919.1,NA,NA,NA,NA,NA,NA,6262.09,NA,NA,2410130.19,NA,NA,NA
2013,Luxembourg,NA,NA,NA,NA,NA,NA,NA,NA,NA,NA,NA,NA,NA,NA,NA,NA,NA,NA,1497051.78,NA,NA,NA
2014,Luxembourg,NA,NA,NA,NA,NA,NA,NA,NA,NA,NA,NA,NA,NA,NA,NA,12642.75,NA,NA,7875.2,NA,NA,NA
2015,Luxembourg,8322,NA,NA,NA,NA,NA,NA,NA,NA,NA,NA,NA,NA,NA,NA,44699,NA,NA,20898,NA,NA,NA
2016,Luxembourg,NA,NA,NA,NA,NA,NA,NA,NA,7248,NA,NA,NA,NA,NA,NA,NA,115698,NA,243527,NA,NA,NA
2017,Luxembourg,17771,NA,NA,NA,NA,NA,NA,NA,12537,NA,NA,NA,NA,NA,NA,NA,48330,NA,3317134,NA,NA,NA
2018,Luxembourg,NA,NA,NA,104633.37,NA,NA,NA,NA,NA,NA,2847001,10409,NA,NA,NA,NA,15102,NA,NA,NA,NA,NA
2019,Luxembourg,NA,NA,NA,131842,2977888,NA,NA,NA,NA,NA,NA,NA,NA,NA,NA,NA,NA,NA,NA,NA,NA,NA
2020,Luxembourg,NA,NA,NA,73600,3914466,NA,NA,NA,NA,NA,NA,NA,NA,NA,NA,NA,NA,NA,NA,NA,NA,NA
2021,Luxembourg,NA,NA,297971.83,125915,2519118,1564656,NA,NA,NA,NA,NA,NA,NA,NA,NA,NA,NA,NA,NA,NA,NA,NA
2022,Luxembourg,NA,NA,446285.37,NA,NA,3869973,NA,NA,NA,NA,NA,NA,NA,NA,NA,NA,NA,NA,NA,NA,NA,NA
2008,Malta,NA,NA,NA,NA,NA,NA,NA,NA,NA,NA,NA,NA,NA,NA,NA,NA,NA,NA,1257173.58,NA,NA,NA
2009,Malta,NA,NA,NA,NA,NA,NA,NA,NA,NA,NA,NA,NA,NA,NA,NA,6667.05,NA,NA,1202480.77,NA,NA,NA
2010,Malta,13032,NA,NA,NA,NA,NA,NA,NA,46838.57,NA,NA,19736,NA,NA,NA,105302.01,NA,NA,347565.01,NA,NA,NA
2011,Malta,NA,NA,NA,NA,NA,NA,NA,NA,321498.34,NA,NA,NA,NA,NA,NA,10376.85,NA,NA,2230.14,NA,NA,NA
2012,Malta,6510.5,NA,NA,NA,NA,NA,NA,NA,130967.94,NA,NA,NA,NA,NA,NA,5887.09,NA,NA,185693.22,NA,NA,NA
2013,Malta,19796.07,NA,NA,NA,NA,NA,21038.07,NA,190618.36,NA,NA,NA,NA,NA,NA,12829.37,NA,NA,459199.57,NA,NA,NA
2014,Malta,NA,NA,NA,NA,NA,NA,NA,NA,169181.97999999998,NA,NA,NA,NA,NA,NA,56510.12,NA,NA,729993.2,NA,NA,NA
2015,Malta,NA,NA,NA,NA,NA,NA,NA,NA,NA,NA,NA,NA,NA,NA,NA,14851,NA,NA,1845463,NA,NA,NA
2016,Malta,NA,NA,NA,NA,NA,NA,NA,NA,174888,NA,NA,NA,NA,NA,NA,NA,24068,NA,2016087,NA,NA,NA
2017,Malta,NA,NA,NA,NA,NA,NA,NA,NA,114597,NA,NA,NA,NA,NA,NA,NA,NA,NA,1858699,NA,NA,NA
2018,Malta,NA,NA,NA,NA,NA,NA,18035,NA,NA,NA,718706,8808,NA,NA,NA,NA,NA,NA,NA,NA,NA,NA
2019,Malta,NA,NA,NA,NA,588491,NA,56653,NA,NA,NA,NA,NA,NA,NA,NA,NA,NA,NA,NA,NA,NA,NA
2020,Malta,NA,NA,NA,3055,191398,NA,153842,NA,NA,NA,NA,NA,NA,NA,NA,NA,NA,NA,NA,NA,NA,NA
2021,Malta,NA,NA,275181.83999999997,NA,618809,NA,172639,NA,NA,NA,NA,NA,NA,NA,NA,NA,NA,NA,NA,15783.35,NA,NA
2022,Malta,NA,NA,983700.51,12090,NA,226505,NA,NA,NA,NA,NA,NA,NA,NA,NA,NA,NA,NA,NA,NA,NA,NA
2008,Moldova,NA,NA,NA,NA,NA,NA,NA,NA,15232.8,NA,NA,NA,NA,NA,NA,NA,NA,NA,NA,NA,NA,NA
2009,Moldova,NA,NA,NA,NA,NA,NA,NA,NA,12772.8,NA,NA,NA,NA,NA,NA,NA,NA,NA,NA,NA,NA,NA
2010,Moldova,NA,NA,NA,NA,NA,NA,NA,NA,16868,NA,NA,NA,NA,NA,NA,NA,NA,NA,NA,NA,NA,NA
2011,Moldova,NA,NA,NA,NA,NA,NA,NA,NA,26193.14,NA,NA,NA,NA,NA,NA,NA,NA,NA,NA,NA,NA,NA
2012,Moldova,3890.2,NA,NA,NA,NA,NA,NA,NA,12473.78,NA,NA,NA,NA,NA,NA,NA,NA,NA,NA,NA,NA,NA
2013,Moldova,9086.68,NA,NA,NA,NA,NA,NA,NA,9999.5,NA,NA,NA,NA,NA,NA,NA,NA,NA,4410,NA,NA,NA
2014,Moldova,16598.91,NA,NA,NA,NA,NA,NA,NA,14686.96,NA,NA,NA,NA,NA,NA,NA,NA,NA,1220,NA,NA,NA
2015,Moldova,11835,NA,NA,NA,NA,NA,NA,NA,3585,NA,NA,NA,NA,NA,NA,NA,NA,NA,2409,NA,NA,NA
2016,Moldova,17179,NA,NA,NA,NA,NA,NA,NA,43063,NA,NA,NA,NA,NA,NA,NA,NA,NA,7077,NA,NA,NA
2017,Moldova,38391,NA,NA,NA,NA,NA,NA,NA,38439,NA,NA,NA,NA,NA,NA,NA,NA,NA,1049,NA,NA,NA
2018,Moldova,NA,NA,NA,NA,NA,NA,NA,NA,NA,NA,71477.31,NA,NA,NA,NA,NA,NA,NA,NA,NA,NA,NA
2019,Moldova,NA,NA,NA,NA,270614.55,NA,NA,NA,NA,NA,NA,NA,NA,NA,NA,NA,NA,NA,NA,NA,NA,NA
2021,Moldova,NA,NA,50691.25,NA,35232.96,NA,NA,NA,NA,NA,NA,NA,NA,NA,NA,NA,NA,NA,NA,NA,NA,NA
2022,Moldova,NA,NA,735505.16,NA,NA,NA,NA,NA,NA,NA,NA,NA,NA,NA,NA,NA,NA,NA,NA,NA,NA,NA
2012,Montenegro,NA,NA,NA,NA,NA,NA,NA,NA,4050.2,NA,NA,NA,NA,NA,NA,NA,NA,NA,5554,NA,NA,NA
2015,Montenegro,667,NA,NA,NA,NA,NA,NA,NA,NA,NA,NA,NA,NA,NA,NA,NA,NA,NA,NA,NA,NA,NA
2016,Montenegro,NA,NA,NA,NA,NA,NA,NA,NA,5064,NA,NA,NA,NA,NA,NA,NA,NA,NA,NA,NA,NA,NA
2017,Montenegro,7426,NA,NA,NA,NA,NA,NA,NA,NA,NA,NA,NA,NA,NA,NA,NA,NA,NA,NA,NA,NA,NA
2018,Montenegro,NA,NA,NA,NA,NA,NA,NA,NA,NA,NA,NA,NA,NA,NA,NA,NA,2621.5,NA,NA,NA,NA,NA
2019,Montenegro,NA,NA,NA,2696.4,NA,NA,NA,NA,NA,NA,NA,NA,NA,NA,NA,NA,NA,NA,NA,NA,NA,NA
2020,Montenegro,NA,NA,NA,2696.4,29101.86,NA,NA,NA,NA,NA,NA,NA,NA,NA,NA,NA,NA,NA,NA,NA,NA,NA
2021,Montenegro,NA,NA,73825.72,NA,102757.45,NA,NA,NA,NA,NA,NA,NA,NA,NA,NA,NA,NA,NA,NA,NA,NA,NA
2022,Montenegro,NA,NA,114300.61,NA,NA,NA,NA,NA,NA,NA,NA,NA,NA,NA,NA,NA,NA,NA,NA,NA,NA,NA
2008,Netherlands,177759.45,NA,NA,NA,NA,NA,NA,NA,13475.52,NA,NA,NA,NA,NA,NA,442569.59,NA,NA,102883.67,NA,NA,NA
2009,Netherlands,197242.09,NA,NA,NA,NA,NA,NA,NA,47232,NA,NA,NA,NA,NA,NA,311035.65,NA,NA,205360.55,NA,NA,NA
2010,Netherlands,132700.38,NA,NA,NA,NA,NA,NA,NA,119622.16,NA,NA,371260.25,NA,NA,NA,710862.77,NA,NA,821427.12,NA,NA,NA
2011,Netherlands,218487.29,NA,NA,NA,NA,NA,NA,NA,1310401.85,NA,NA,60785.65,NA,NA,NA,2041265.7,NA,NA,1197726.26,NA,NA,NA
2012,Netherlands,241454.99000000002,NA,NA,NA,NA,NA,NA,NA,1060200.45,NA,NA,NA,NA,NA,NA,2153992.49,NA,NA,703997.81,NA,NA,NA
2013,Netherlands,176292.56,NA,NA,NA,NA,NA,27227.22,NA,553528.86,NA,NA,NA,NA,NA,NA,1083457.03,NA,NA,362939.54000000004,NA,NA,NA
2014,Netherlands,124765.67,NA,NA,NA,NA,NA,57788.56,NA,407047.15,NA,NA,NA,NA,NA,NA,1137771.68,NA,NA,764011.78,NA,NA,NA
2015,Netherlands,128797,NA,NA,NA,NA,NA,18293,NA,697890,NA,NA,25449,NA,NA,NA,1480003,NA,NA,1325614,NA,NA,NA
2016,Netherlands,167729,NA,NA,NA,NA,NA,86349,NA,1486268,NA,NA,NA,NA,NA,NA,NA,869887,NA,10281146,NA,NA,NA
2017,Netherlands,332745,NA,NA,NA,NA,NA,85611,NA,1979726,NA,NA,NA,NA,NA,NA,NA,952519,NA,8076975,NA,NA,NA
2018,Netherlands,NA,NA,NA,64601,NA,NA,85374,NA,NA,NA,9137499,NA,NA,NA,NA,NA,740570.15,NA,5056.82,NA,NA,NA
2019,Netherlands,NA,NA,NA,87545,12823394,NA,88649,NA,NA,NA,NA,NA,NA,NA,NA,NA,NA,NA,NA,NA,NA,NA
2020,Netherlands,NA,NA,NA,462817.82,6476428,NA,50244,NA,NA,NA,NA,NA,NA,NA,NA,NA,NA,NA,NA,NA,NA,NA
2021,Netherlands,NA,NA,2348731.01,565563.4299999999,1879132,274226,130762,NA,NA,NA,NA,NA,NA,NA,NA,NA,NA,NA,NA,NA,NA,NA
2022,Netherlands,NA,NA,5035401.7,279823.04000000004,NA,129519,NA,NA,NA,NA,NA,NA,NA,NA,NA,NA,NA,NA,NA,NA,NA,NA
2015,Nigeria,5425,NA,NA,NA,NA,NA,NA,NA,NA,NA,NA,NA,NA,NA,NA,NA,NA,NA,NA,NA,NA,NA
2016,Nigeria,6274,NA,NA,NA,NA,NA,NA,NA,NA,NA,NA,NA,NA,NA,NA,NA,NA,NA,9075,NA,NA,NA
2011,North Macedonia,12792.08,NA,NA,NA,NA,NA,NA,NA,3730.8199999999997,NA,NA,NA,NA,NA,NA,NA,NA,NA,NA,NA,NA,NA
2012,North Macedonia,10736.93,NA,NA,NA,NA,NA,NA,NA,NA,NA,NA,NA,NA,NA,NA,NA,NA,NA,NA,NA,NA,NA
2013,North Macedonia,11836.02,NA,NA,NA,NA,NA,NA,NA,3166.45,NA,NA,NA,NA,NA,NA,NA,NA,NA,NA,NA,NA,NA
2014,North Macedonia,16135.599999999999,NA,NA,NA,NA,NA,NA,NA,6333.91,NA,NA,NA,NA,NA,NA,NA,NA,NA,NA,NA,NA,NA
2015,North Macedonia,10868,NA,NA,NA,NA,NA,NA,NA,23560,NA,NA,NA,NA,NA,NA,NA,NA,NA,NA,NA,NA,NA
2016,North Macedonia,19333,NA,NA,NA,NA,NA,NA,NA,28255,NA,NA,NA,NA,NA,NA,NA,NA,NA,NA,NA,NA,NA
2017,North Macedonia,18158,NA,NA,NA,NA,NA,NA,NA,31427,NA,NA,NA,NA,NA,NA,NA,NA,NA,8471,NA,NA,NA
2018,North Macedonia,NA,NA,NA,NA,NA,NA,NA,NA,NA,NA,74892.09,NA,NA,NA,NA,NA,NA,NA,NA,NA,NA,NA
2019,North Macedonia,NA,NA,NA,NA,76360.24,NA,NA,NA,NA,NA,NA,NA,NA,NA,NA,NA,NA,NA,NA,NA,NA,NA
2021,North Macedonia,NA,NA,21153.75,NA,39670.42,NA,NA,NA,NA,NA,NA,NA,NA,NA,NA,NA,NA,NA,NA,NA,NA,NA
2022,North Macedonia,NA,NA,15817.81,NA,NA,NA,NA,NA,NA,NA,NA,NA,NA,NA,NA,NA,NA,NA,NA,NA,NA,NA
2008,Norway,16965.5,NA,NA,NA,NA,NA,NA,NA,8318.61,NA,NA,NA,NA,NA,NA,NA,NA,NA,NA,NA,NA,NA
2009,Norway,32498.65,NA,NA,NA,NA,NA,NA,NA,17803.06,NA,NA,NA,NA,NA,NA,93295.05,NA,NA,110300.29000000001,NA,NA,NA
2010,Norway,27754.190000000002,NA,NA,NA,NA,NA,NA,NA,29354.21,NA,NA,61349.2,NA,NA,NA,388171.17,NA,NA,111143.67,NA,NA,NA
2011,Norway,13194.95,NA,NA,NA,NA,NA,NA,NA,50491.7,NA,NA,34439.5,NA,NA,NA,957573.13,NA,NA,63520.95,NA,NA,NA
2012,Norway,NA,NA,NA,NA,NA,NA,NA,NA,33077.84,NA,NA,NA,NA,NA,NA,752491.34,NA,NA,66915.11,NA,NA,NA
2013,Norway,17237.7,NA,NA,NA,NA,NA,NA,NA,37426.06,NA,NA,NA,NA,NA,NA,241442.16,NA,NA,90331.89,NA,NA,NA
2014,Norway,9046.85,NA,NA,NA,NA,NA,NA,NA,48012.44,NA,NA,3859.49,NA,NA,NA,640303.04,NA,NA,89760.61,NA,NA,NA
2015,Norway,9078,NA,NA,NA,NA,NA,16228,NA,34487,NA,NA,9728,NA,NA,NA,565459,NA,NA,7026347,NA,NA,NA
2016,Norway,900,NA,NA,NA,NA,NA,NA,NA,95297,NA,NA,NA,NA,NA,NA,NA,1337234,NA,9814571,NA,NA,NA
2017,Norway,NA,NA,NA,NA,NA,NA,NA,NA,59438,NA,NA,NA,NA,NA,NA,NA,607377,NA,8452787,NA,NA,NA
2018,Norway,NA,NA,NA,503567,NA,NA,NA,NA,NA,NA,464962,NA,NA,NA,NA,NA,1008364.4,NA,NA,NA,NA,NA
2019,Norway,NA,NA,NA,1037854.8400000001,764214,NA,19384,NA,NA,NA,NA,NA,NA,NA,NA,NA,NA,NA,NA,NA,NA,NA
2020,Norway,NA,NA,NA,291127.07999999996,846385,NA,30361,NA,NA,NA,NA,NA,NA,NA,NA,NA,NA,NA,NA,NA,NA,NA
2021,Norway,NA,NA,495725.39,279850.8,702380,NA,NA,NA,NA,NA,NA,NA,NA,NA,NA,NA,NA,NA,NA,NA,NA,NA
2022,Norway,NA,NA,1042629.35,1742626.26,NA,NA,NA,NA,NA,NA,NA,NA,NA,NA,NA,NA,NA,NA,NA,NA,NA,NA
2008,Poland,44354.05,NA,NA,NA,NA,NA,NA,NA,179682.11,NA,NA,NA,37664.98,NA,NA,4794,NA,NA,NA,NA,NA,NA
2009,Poland,96276.88,NA,NA,NA,NA,NA,NA,NA,654121.39,NA,NA,NA,NA,NA,NA,77979.05,NA,NA,574702.65,NA,NA,NA
2010,Poland,100248.21,NA,NA,NA,NA,NA,NA,NA,849861.29,NA,NA,78465,NA,NA,NA,62817.979999999996,NA,NA,471836.42,NA,NA,NA
2011,Poland,88110.62,NA,NA,NA,NA,NA,NA,NA,732242,NA,NA,661979.47,NA,NA,NA,20611.28,NA,NA,318069.48,NA,NA,NA
2012,Poland,63243.909999999996,NA,NA,NA,NA,NA,NA,NA,666654.24,NA,NA,NA,NA,NA,NA,55344.21,NA,NA,604961.8999999999,NA,NA,NA
2013,Poland,49052.5,NA,NA,NA,NA,NA,NA,NA,416196.76,NA,NA,32846.86,NA,NA,NA,26667.49,NA,NA,135581.84,NA,NA,NA
2014,Poland,21507.64,NA,NA,NA,NA,NA,NA,NA,317555.05,NA,NA,14761.72,NA,NA,NA,16010.9,NA,NA,420978.51,NA,NA,NA
2015,Poland,45518,NA,NA,NA,NA,NA,10954,NA,454343,NA,NA,24186,NA,NA,NA,6386,NA,NA,657730,NA,NA,NA
2016,Poland,93728,NA,NA,NA,NA,NA,16711,NA,1213921,NA,NA,NA,NA,NA,NA,NA,304564,NA,3027009,NA,NA,NA
2017,Poland,149799,NA,NA,NA,NA,NA,68647,NA,1066685,NA,NA,85163,NA,NA,NA,NA,516497,NA,1334060,NA,NA,NA
2018,Poland,NA,NA,NA,90213,NA,NA,45276,NA,NA,NA,3381422,25516,NA,NA,NA,NA,33912,NA,NA,NA,NA,NA
2019,Poland,NA,NA,NA,166733,3702111.46,NA,NA,NA,NA,NA,NA,NA,NA,NA,NA,NA,NA,NA,NA,NA,NA,NA
2020,Poland,NA,NA,NA,162026.88,3602485,NA,34669.520000000004,NA,NA,NA,NA,NA,NA,NA,NA,NA,NA,NA,NA,NA,2276485.67,NA
2021,Poland,NA,NA,1811732.78,467093.33999999997,3679332,202122,NA,NA,NA,NA,NA,NA,NA,NA,NA,NA,NA,NA,NA,106350.09,NA,NA
2022,Poland,NA,NA,4072317.5,1364367.03,NA,1134998,NA,NA,NA,NA,NA,NA,NA,NA,NA,NA,NA,NA,NA,NA,NA,NA
2008,Portugal,192099.38,NA,NA,NA,NA,NA,NA,NA,100239.23,NA,NA,NA,NA,NA,NA,NA,NA,10671.98,779601.97,NA,NA,NA
2009,Portugal,136628.79,NA,NA,NA,NA,NA,NA,NA,47354.14,NA,NA,NA,NA,NA,NA,NA,NA,NA,946473.15,NA,NA,NA
2010,Portugal,18110.14,NA,NA,NA,NA,NA,NA,NA,40080.49,NA,NA,96544.8,NA,NA,NA,NA,NA,NA,703516.59,NA,NA,NA
2011,Portugal,73443.04000000001,NA,NA,NA,NA,NA,NA,NA,212700.23,NA,NA,66829.81,NA,NA,NA,79131.99,NA,NA,4210531.9,NA,NA,NA
2012,Portugal,105847.78,NA,NA,NA,NA,NA,8357.37,NA,299993.55,NA,NA,NA,NA,NA,NA,12268.75,NA,NA,2513990.5700000003,NA,NA,NA
2013,Portugal,61225.91,NA,NA,NA,NA,NA,3513.88,NA,266760.22,NA,NA,16765.83,NA,NA,NA,6346.86,NA,NA,2994392.42,NA,NA,NA
2014,Portugal,108903.70999999999,NA,NA,NA,NA,NA,NA,NA,457561.72000000003,NA,NA,NA,NA,NA,NA,4663.65,NA,NA,3351785.23,NA,NA,NA
2015,Portugal,75909,NA,NA,NA,NA,NA,NA,NA,218028,NA,NA,NA,NA,NA,NA,166,NA,NA,4783837,NA,NA,NA
2016,Portugal,99630,NA,NA,NA,NA,NA,NA,NA,372185,NA,NA,NA,NA,NA,NA,NA,355832,NA,9496049,NA,NA,NA
2017,Portugal,109961,NA,NA,NA,NA,NA,89217,NA,759877,NA,NA,44943,NA,NA,NA,NA,64852,NA,8981587,NA,119881,NA
2018,Portugal,NA,NA,NA,23576,NA,NA,386136,NA,NA,NA,12120933.8,26352,NA,NA,NA,NA,15490.59,NA,12743.7,NA,NA,NA
2019,Portugal,NA,NA,NA,37190.729999999996,10713026.35,NA,178564,NA,NA,NA,NA,NA,NA,NA,138675,NA,NA,NA,NA,NA,NA,NA
2020,Portugal,NA,NA,NA,90722.9,7106187,NA,128029,NA,NA,NA,NA,NA,NA,NA,NA,NA,NA,NA,NA,NA,NA,NA
2021,Portugal,NA,NA,1957647.89,12038,3374621,2886945,226873,NA,NA,NA,NA,NA,NA,NA,NA,NA,NA,NA,NA,288483.56,NA,NA
2022,Portugal,NA,NA,3312429.7399999998,19299,NA,6534794,NA,18044.74,NA,48096.2,NA,NA,NA,NA,NA,NA,NA,NA,NA,NA,3263994.71,NA
2008,Romania,198546.2,NA,NA,NA,NA,NA,NA,NA,246966.15,NA,NA,NA,NA,NA,NA,NA,NA,NA,566421.54,NA,NA,NA
2009,Romania,128065.78,NA,NA,NA,NA,NA,NA,NA,155985.55,NA,NA,NA,NA,NA,NA,2082.6,NA,NA,311746.19,NA,NA,NA
2010,Romania,116090.08,NA,NA,NA,NA,NA,NA,NA,257786.23,NA,NA,515977.7,NA,NA,NA,31529.2,NA,NA,690082.25,NA,NA,NA
2011,Romania,177268.23,NA,NA,NA,NA,NA,NA,NA,1053917.54,NA,NA,145588.5,NA,NA,NA,45341.44,NA,NA,2344671.15,NA,NA,NA
2012,Romania,196689.91,NA,NA,NA,NA,NA,50642.39,NA,1707174.32,NA,NA,NA,NA,NA,NA,93450.39,NA,NA,1369495.7,NA,NA,NA
2013,Romania,133398.5,NA,NA,NA,NA,NA,61125.89,NA,684136.04,NA,NA,9863.26,NA,NA,NA,61226.17,NA,NA,879109.88,NA,NA,NA
2014,Romania,134460.82,NA,NA,NA,NA,NA,33617.26,NA,910107.7999999999,NA,NA,8343.86,NA,NA,NA,4079.6,NA,NA,1432126.35,NA,NA,NA
2015,Romania,85801,NA,NA,NA,NA,NA,100292,NA,1207261,NA,NA,9953,NA,NA,NA,3091,NA,NA,1040078,NA,NA,NA
2016,Romania,206050,NA,NA,NA,NA,NA,131266,NA,1669571,NA,NA,NA,NA,NA,NA,NA,482283,NA,3957528,NA,NA,NA
2017,Romania,170019,NA,NA,NA,NA,NA,160068,NA,1596278,NA,NA,166067,NA,NA,NA,NA,9667,NA,4534108,NA,39531,NA
2018,Romania,NA,NA,NA,NA,NA,NA,136280,NA,NA,NA,3687643,24085,NA,NA,NA,NA,NA,NA,NA,NA,59548.6,NA
2019,Romania,NA,253758,NA,9293,3842816.16,NA,126648,NA,NA,NA,NA,NA,NA,NA,NA,NA,NA,NA,NA,NA,178824.14,NA
2020,Romania,NA,276786.59,NA,22397,5087646,NA,245813,NA,NA,NA,NA,NA,NA,NA,NA,NA,NA,NA,NA,NA,NA,NA
2021,Romania,NA,509754,1524340.09,51694,4340834,1633766,60172,NA,NA,NA,NA,NA,NA,NA,NA,NA,NA,NA,NA,632700.51,NA,NA
2022,Romania,NA,600470,6707982.29,24141,NA,1418860,NA,NA,NA,NA,NA,NA,NA,NA,NA,NA,NA,NA,NA,NA,NA,NA
2009,Serbia,NA,NA,NA,NA,NA,NA,NA,NA,34023.2,NA,NA,NA,NA,NA,NA,NA,NA,NA,NA,NA,NA,NA
2010,Serbia,NA,NA,NA,NA,NA,NA,NA,NA,72538.56999999999,NA,NA,NA,NA,NA,NA,NA,NA,NA,NA,NA,NA,NA
2011,Serbia,22697.06,NA,NA,NA,NA,NA,NA,NA,111888.9,NA,NA,NA,NA,NA,NA,NA,NA,NA,NA,NA,NA,NA
2012,Serbia,4550.57,NA,NA,NA,NA,NA,NA,NA,3657.8,NA,NA,NA,NA,NA,NA,NA,NA,NA,NA,NA,NA,NA
2013,Serbia,9252.29,NA,NA,NA,NA,NA,NA,NA,3571.71,NA,NA,5375.68,NA,NA,NA,NA,NA,NA,NA,NA,NA,NA
2014,Serbia,NA,NA,NA,NA,NA,NA,NA,NA,11089.48,NA,NA,NA,NA,NA,NA,NA,NA,NA,NA,NA,NA,NA
2015,Serbia,14597,NA,NA,NA,NA,NA,NA,NA,136465,NA,NA,NA,NA,NA,NA,NA,NA,NA,NA,NA,NA,NA
2016,Serbia,NA,NA,NA,NA,NA,NA,NA,NA,83611,NA,NA,NA,NA,NA,NA,NA,7698,NA,NA,NA,NA,NA
2017,Serbia,NA,NA,NA,NA,NA,NA,NA,NA,100074,NA,NA,NA,NA,NA,NA,NA,NA,NA,NA,NA,NA,NA
2018,Serbia,NA,NA,NA,NA,NA,NA,NA,NA,NA,NA,99856.68,NA,NA,NA,NA,NA,NA,NA,NA,NA,NA,NA
2019,Serbia,NA,NA,NA,NA,90547.68000000001,NA,NA,NA,NA,NA,NA,NA,NA,NA,NA,NA,NA,NA,NA,NA,NA,NA
2020,Serbia,NA,NA,NA,NA,12504.13,NA,NA,NA,NA,NA,NA,NA,NA,NA,NA,NA,NA,NA,NA,NA,NA,NA
2021,Serbia,NA,NA,293281.66,NA,3312.72,78683.52,NA,NA,NA,NA,NA,NA,NA,NA,NA,NA,NA,NA,NA,NA,NA,NA
2022,Serbia,NA,NA,415992.46,NA,NA,NA,NA,NA,NA,NA,NA,NA,NA,NA,NA,NA,NA,NA,NA,NA,NA,NA
2008,Slovakia,37343.770000000004,NA,NA,NA,NA,NA,NA,NA,74659.37,NA,NA,NA,15862.44,NA,NA,539.84,NA,NA,NA,NA,NA,NA
2009,Slovakia,74091.8,NA,NA,NA,NA,NA,NA,NA,473444.01,NA,NA,NA,NA,NA,NA,5787.5,NA,NA,96566.09,NA,NA,NA
2010,Slovakia,54608.77,NA,NA,NA,NA,NA,NA,NA,211956.81,NA,NA,96532.87,NA,NA,NA,1215.5,NA,NA,215411.51,NA,NA,NA
2011,Slovakia,94120.67,NA,NA,NA,NA,NA,NA,NA,98559.51000000001,NA,NA,21583.64,NA,NA,NA,479.4,NA,NA,167876.27,NA,NA,NA
2012,Slovakia,22984.07,NA,NA,NA,NA,NA,5337.95,NA,167912.65000000002,NA,NA,NA,NA,NA,NA,NA,NA,NA,98398.45999999999,NA,NA,NA
2013,Slovakia,35594.619999999995,NA,NA,NA,NA,NA,10792.02,NA,83034.95,NA,NA,5245.68,NA,NA,NA,10070.84,NA,NA,82381.44,NA,NA,NA
2014,Slovakia,20859.71,NA,NA,NA,NA,NA,12445.17,NA,68250.03,NA,NA,9213.77,NA,NA,NA,155,NA,NA,98008.81,NA,NA,NA
2015,Slovakia,23861,NA,NA,NA,NA,NA,NA,NA,61747,NA,NA,2109,NA,NA,NA,744,NA,NA,300020,NA,NA,NA
2016,Slovakia,53831,NA,NA,NA,NA,NA,NA,NA,390102,NA,NA,NA,NA,NA,NA,NA,66796,NA,649784,NA,NA,NA
2017,Slovakia,26549,NA,NA,NA,NA,NA,NA,NA,68653,NA,NA,19181,NA,NA,NA,NA,238462,NA,275183,NA,NA,NA
2018,Slovakia,NA,NA,NA,NA,NA,NA,NA,NA,NA,NA,999022,15002,NA,NA,NA,NA,NA,NA,NA,NA,NA,NA
2019,Slovakia,NA,NA,NA,NA,727940,NA,NA,NA,NA,NA,NA,NA,NA,NA,NA,NA,NA,NA,NA,NA,NA,NA
2020,Slovakia,NA,NA,NA,1453,750099,NA,NA,NA,NA,NA,NA,NA,NA,NA,NA,NA,NA,NA,NA,313804,NA,NA
2021,Slovakia,NA,NA,511273.08,9533,542650,NA,NA,NA,NA,NA,NA,NA,NA,NA,NA,NA,NA,NA,NA,13433.34,NA,NA
2022,Slovakia,NA,NA,1722641.7,78108,NA,211089,NA,NA,NA,NA,NA,NA,NA,NA,NA,NA,NA,NA,NA,NA,NA,NA
2008,Slovenia,18815.45,NA,NA,NA,NA,NA,NA,NA,64195.58,NA,NA,NA,NA,NA,NA,NA,NA,NA,5022.94,NA,NA,NA
2009,Slovenia,22866.65,NA,NA,NA,NA,NA,NA,NA,107336.36,NA,NA,NA,NA,NA,NA,NA,NA,NA,20636,NA,NA,NA
2010,Slovenia,11279.17,NA,NA,NA,NA,NA,NA,NA,167786.36000000002,NA,NA,24528.8,NA,NA,NA,20057.32,NA,NA,36130.74,NA,NA,NA
2011,Slovenia,19994.550000000003,NA,NA,NA,NA,NA,NA,NA,180609.53,NA,NA,9946.04,NA,NA,NA,10020.12,NA,NA,20328.92,NA,NA,NA
2012,Slovenia,6646.8,NA,NA,NA,NA,NA,NA,NA,244333.16,NA,NA,NA,NA,NA,NA,15633.009999999998,NA,NA,25669.86,NA,NA,NA
2013,Slovenia,9188.24,NA,NA,NA,NA,NA,NA,NA,163482.63,NA,NA,11651.23,NA,NA,NA,6246.66,NA,NA,33242.71,NA,NA,NA
2014,Slovenia,32183.46,NA,NA,NA,NA,NA,NA,NA,192057.51,NA,NA,6803.06,NA,NA,NA,11281.01,NA,NA,37371.259999999995,NA,NA,NA
2015,Slovenia,22363,NA,NA,NA,NA,NA,NA,NA,226145,NA,NA,25081,NA,NA,NA,NA,NA,NA,46213,NA,NA,NA
2016,Slovenia,27160,NA,NA,NA,NA,NA,NA,NA,493900,NA,NA,NA,NA,NA,NA,NA,61306,NA,94555,NA,NA,NA
2017,Slovenia,48084,NA,NA,NA,NA,NA,NA,NA,255355,NA,NA,16459,NA,NA,NA,NA,10576,NA,58875,NA,NA,NA
2018,Slovenia,NA,NA,NA,NA,NA,NA,NA,NA,NA,NA,477953,14865,NA,NA,NA,NA,22282,NA,NA,NA,NA,NA
2019,Slovenia,NA,NA,NA,19530,466429,NA,NA,NA,NA,NA,NA,NA,NA,NA,NA,NA,NA,NA,NA,NA,NA,NA
2020,Slovenia,NA,NA,NA,12200,519485,NA,NA,NA,NA,NA,NA,NA,NA,NA,NA,NA,NA,NA,NA,336048,NA,NA
2021,Slovenia,NA,NA,641732.52,35195,705471,NA,NA,NA,NA,NA,NA,NA,NA,NA,NA,NA,NA,NA,NA,14350.01,NA,NA
2022,Slovenia,NA,NA,1969037.1099999999,372246,NA,NA,NA,NA,NA,NA,NA,NA,NA,NA,NA,NA,NA,NA,NA,NA,NA,NA
2008,Spain,256790.12,NA,NA,NA,NA,NA,NA,NA,10724.710000000001,NA,NA,NA,NA,NA,NA,1029730,NA,NA,7028061.24,NA,NA,NA
2009,Spain,239067.94,NA,NA,NA,NA,NA,NA,NA,96119.85,NA,NA,NA,NA,NA,NA,708725.4299999999,NA,NA,7388820.65,NA,NA,NA
2010,Spain,82000.93000000001,NA,NA,NA,NA,NA,NA,NA,60252.74,NA,NA,84276.01,NA,NA,NA,1198676.01,NA,NA,5746656.12,NA,NA,NA
2011,Spain,248212.55,NA,NA,NA,NA,NA,NA,NA,135491.18,NA,NA,3375.74,NA,NA,NA,2369622.99,NA,NA,6228351.96,NA,NA,NA
2012,Spain,194725.87,NA,NA,NA,NA,NA,54862.72,NA,159797.29,NA,NA,NA,NA,NA,NA,1540549.49,NA,NA,4307326.31,NA,NA,NA
2013,Spain,136757.94,NA,NA,NA,NA,NA,52428.03,NA,167203.07,NA,NA,12902.06,NA,NA,NA,2246786.57,NA,NA,3708837.41,NA,NA,NA
2014,Spain,85346.16,NA,NA,NA,NA,NA,57569.58,NA,351626.81,NA,NA,24527.04,NA,NA,NA,1875745,NA,NA,5493449.21,NA,NA,NA
2015,Spain,116689,NA,NA,NA,NA,NA,163555,NA,471256,NA,NA,12738,NA,NA,NA,35716,NA,NA,6081049,NA,NA,NA
2016,Spain,155821,NA,NA,NA,NA,NA,145308,NA,1011159,NA,NA,NA,NA,NA,NA,NA,2684431,NA,7054558,NA,NA,NA
2017,Spain,157592,NA,NA,NA,NA,NA,153502,NA,935474,NA,NA,NA,NA,NA,NA,NA,3385316,NA,7597086,NA,29215,NA
2018,Spain,NA,NA,NA,2325203,NA,NA,149684,NA,NA,NA,8717086,NA,NA,NA,NA,NA,1490922,NA,NA,NA,NA,NA
2019,Spain,NA,NA,NA,3899204,7000374.0600000005,NA,145343,NA,NA,NA,NA,NA,NA,NA,NA,NA,NA,NA,NA,NA,NA,NA
2020,Spain,NA,NA,NA,1006705.1799999999,6321803.28,NA,155566,NA,NA,NA,NA,NA,NA,NA,104590.8,NA,NA,NA,NA,1121881,1235213,NA
2021,Spain,NA,NA,1916971.5299999998,2625301,6405064,1525814.65,139003,NA,NA,NA,NA,NA,NA,NA,NA,NA,NA,NA,NA,266900.21,3910759.43,NA
2022,Spain,NA,NA,6683786.83,2026883,NA,3081210,NA,3852.14,NA,NA,NA,NA,NA,NA,NA,NA,NA,NA,NA,NA,6877162,NA
2008,Sweden,40009.6,NA,NA,NA,NA,NA,NA,NA,37933.49,NA,NA,NA,NA,NA,NA,143832,NA,NA,29173.6,NA,NA,NA
2009,Sweden,73404.75,NA,NA,NA,NA,NA,NA,NA,NA,NA,NA,NA,NA,NA,NA,786216.25,NA,NA,556228.16,NA,NA,NA
2010,Sweden,NA,NA,NA,NA,NA,NA,NA,NA,20666.9,NA,NA,82136.32,NA,NA,NA,1118590.49,NA,NA,684847.2,NA,NA,NA
2011,Sweden,11348.43,NA,NA,NA,NA,NA,NA,NA,69232.74,NA,NA,NA,NA,NA,NA,1087866.93,NA,NA,55306.81,NA,NA,NA
2012,Sweden,10759.9,NA,NA,NA,NA,NA,NA,NA,30386.1,NA,NA,NA,NA,NA,NA,1067344.56,NA,NA,39603.31,NA,NA,NA
2013,Sweden,30424.690000000002,NA,NA,NA,NA,NA,NA,NA,18048.760000000002,NA,NA,5489.1,NA,NA,NA,698637.77,NA,NA,54183.73,NA,NA,NA
2014,Sweden,43813.83,NA,NA,NA,NA,NA,10677.53,NA,99936.16,NA,NA,3292.39,NA,NA,NA,922486.94,NA,NA,685063.3099999999,NA,NA,NA
2015,Sweden,51844,NA,NA,NA,NA,NA,NA,NA,33360,NA,NA,NA,NA,NA,NA,937208,NA,NA,3862560,NA,NA,NA
2016,Sweden,67311,NA,NA,NA,NA,NA,10889,NA,85910,NA,NA,NA,NA,NA,NA,NA,1663293,NA,3770952,NA,NA,NA
2017,Sweden,37663,NA,NA,NA,NA,NA,NA,NA,48486,NA,NA,NA,NA,NA,NA,NA,2958259,NA,5972677,NA,NA,NA
2018,Sweden,NA,NA,NA,1395679.91,NA,NA,NA,NA,NA,NA,1756068.28,NA,NA,NA,NA,NA,957197,NA,NA,NA,NA,NA
2019,Sweden,NA,NA,NA,5905543,1517944,NA,NA,NA,NA,NA,NA,NA,NA,NA,NA,NA,NA,NA,NA,NA,NA,NA
2020,Sweden,NA,NA,NA,1936752.93,2169081,NA,NA,NA,NA,NA,NA,NA,NA,NA,NA,NA,NA,NA,NA,438762,NA,NA
2021,Sweden,NA,NA,1160962.9300000002,3690339.98,1509731,2676633,20261,NA,NA,NA,NA,NA,NA,NA,NA,NA,NA,NA,NA,20716.68,NA,NA
2022,Sweden,NA,NA,2291596.86,2199139.54,NA,2171021,NA,NA,NA,NA,NA,NA,NA,NA,NA,NA,NA,NA,NA,NA,NA,NA
2008,Switzerland,16974.18,NA,NA,NA,NA,NA,NA,NA,57914.36,NA,NA,NA,NA,NA,NA,35112,NA,NA,NA,NA,NA,NA
2011,Switzerland,98899.51,NA,NA,NA,NA,NA,NA,NA,54437.55,NA,NA,NA,NA,NA,NA,102327.17000000001,NA,NA,76078.51,NA,NA,NA
2012,Switzerland,90165.98,NA,NA,NA,NA,NA,NA,NA,124816.99,NA,NA,NA,NA,NA,NA,34899.240000000005,NA,NA,39060.66,NA,NA,NA
2013,Switzerland,65674.73,NA,NA,NA,NA,NA,NA,NA,134998.69,NA,NA,NA,NA,NA,NA,37653.33,NA,NA,26706.129999999997,NA,NA,NA
2014,Switzerland,59551.770000000004,NA,NA,NA,NA,NA,NA,NA,144870.51,NA,NA,3412.23,NA,NA,NA,142084.73,NA,NA,51105.340000000004,NA,NA,NA
2015,Switzerland,76358,NA,NA,NA,NA,NA,NA,NA,115776,NA,NA,11064,NA,NA,NA,302859,NA,NA,35038,NA,NA,NA
2016,Switzerland,110931,NA,NA,NA,NA,NA,NA,NA,184050,NA,NA,NA,NA,NA,NA,NA,1542454,NA,75359,NA,NA,NA
2017,Switzerland,65832,NA,NA,NA,NA,NA,NA,NA,147750,NA,NA,18410,NA,NA,NA,NA,1476961,NA,97980,NA,NA,NA
2018,Switzerland,NA,NA,NA,871527,NA,NA,NA,NA,NA,NA,373798,10409,NA,NA,NA,NA,1164353.5,NA,NA,NA,NA,NA
2019,Switzerland,NA,NA,NA,1173317,365273.5,NA,NA,NA,NA,NA,NA,NA,NA,NA,NA,NA,NA,NA,NA,NA,NA,NA
2020,Switzerland,NA,NA,NA,48756.97,374175,NA,NA,NA,NA,NA,NA,NA,NA,NA,NA,NA,NA,NA,NA,NA,NA,NA
2021,Switzerland,NA,NA,728287.4199999999,487515,521815,NA,NA,NA,NA,NA,NA,NA,NA,NA,NA,NA,NA,NA,NA,NA,NA,NA
2022,Switzerland,NA,NA,1606241.02,406281,NA,NA,NA,NA,NA,NA,NA,NA,NA,NA,NA,NA,NA,NA,NA,NA,NA,NA
2008,Turkey,NA,NA,NA,NA,NA,NA,NA,NA,83525.5,NA,NA,NA,NA,NA,NA,NA,NA,NA,NA,NA,NA,NA
2011,Turkey,5710.24,NA,NA,NA,NA,NA,NA,NA,NA,NA,NA,NA,NA,NA,NA,NA,NA,NA,NA,NA,NA,NA
2013,Turkey,12198,NA,NA,NA,NA,NA,NA,NA,NA,NA,NA,NA,NA,NA,NA,NA,NA,NA,NA,NA,NA,NA
2014,Turkey,11331.3,NA,NA,NA,NA,NA,NA,NA,NA,NA,NA,NA,NA,NA,NA,NA,NA,NA,1597,NA,NA,NA
2015,Turkey,26896,NA,NA,NA,NA,NA,NA,NA,NA,NA,NA,NA,NA,NA,NA,NA,NA,NA,NA,NA,NA,NA
2016,Turkey,74713,NA,NA,NA,NA,NA,NA,NA,NA,NA,NA,NA,NA,NA,NA,NA,NA,NA,NA,NA,NA,NA
2018,Turkey,NA,NA,NA,NA,NA,NA,NA,NA,NA,NA,13401.75,NA,NA,NA,NA,NA,NA,NA,NA,NA,NA,NA
2019,Turkey,NA,NA,NA,NA,30757.15,NA,NA,NA,NA,NA,NA,NA,NA,NA,NA,NA,NA,NA,NA,NA,NA,NA
2008,Ukraine,NA,NA,NA,NA,NA,NA,NA,NA,18496.21,NA,NA,NA,NA,NA,NA,NA,NA,NA,29727,NA,NA,NA
2009,Ukraine,NA,NA,NA,NA,NA,NA,NA,NA,41563.92,NA,NA,NA,NA,NA,NA,NA,NA,NA,NA,NA,NA,NA
2010,Ukraine,NA,NA,NA,NA,NA,NA,NA,NA,79153.31,NA,NA,NA,NA,NA,NA,NA,NA,NA,11407,NA,NA,NA
2011,Ukraine,NA,NA,NA,NA,NA,NA,NA,NA,20464,NA,NA,NA,NA,NA,NA,NA,NA,NA,21732.48,NA,NA,NA
2012,Ukraine,57891.71,NA,NA,NA,NA,NA,NA,NA,24962.94,NA,NA,NA,NA,NA,NA,NA,NA,NA,16979.18,NA,NA,NA
2013,Ukraine,17266.59,NA,NA,NA,NA,NA,NA,NA,6545.19,NA,NA,NA,NA,NA,NA,NA,NA,NA,5771.4,NA,NA,NA
2014,Ukraine,10251.67,NA,NA,NA,NA,NA,NA,NA,6148.22,NA,NA,NA,NA,NA,NA,NA,NA,NA,NA,NA,NA,NA
2015,Ukraine,16191,NA,NA,NA,NA,NA,NA,NA,13666,NA,NA,NA,NA,NA,NA,NA,NA,NA,2452,NA,NA,NA
2016,Ukraine,50566,NA,NA,NA,NA,NA,NA,NA,41632,NA,NA,NA,NA,NA,NA,NA,NA,NA,11664,NA,NA,NA
2017,Ukraine,28328,NA,NA,NA,NA,NA,NA,NA,119622,NA,NA,NA,NA,NA,NA,NA,2768,NA,41788,NA,NA,NA
2018,Ukraine,NA,NA,NA,NA,NA,NA,NA,NA,NA,NA,167476.02,NA,NA,NA,NA,NA,NA,NA,NA,NA,NA,NA
2019,Ukraine,NA,NA,NA,5189.5,156793.52,NA,NA,NA,NA,NA,NA,NA,NA,NA,NA,NA,NA,NA,NA,NA,NA,NA
2021,Ukraine,NA,NA,17396.059999999998,NA,129372.63,NA,NA,NA,NA,NA,NA,NA,NA,NA,NA,NA,NA,NA,NA,NA,NA,NA
2022,Ukraine,NA,NA,38028.87,NA,NA,NA,NA,NA,NA,NA,NA,NA,NA,NA,NA,NA,NA,NA,NA,NA,NA,NA
2008,United Kingdom,131536.99,NA,NA,NA,NA,NA,NA,NA,28075.010000000002,NA,NA,NA,NA,NA,NA,111481,NA,14387.84,62135.5,NA,NA,NA
2009,United Kingdom,83138.05,NA,NA,NA,NA,NA,NA,NA,5484.63,NA,NA,NA,NA,NA,NA,NA,NA,24488.64,82968.31,NA,NA,NA
2010,United Kingdom,18068.85,NA,NA,NA,NA,NA,NA,NA,10095.81,NA,NA,NA,NA,NA,NA,1042573.76,NA,NA,99975.9,NA,NA,NA
2011,United Kingdom,20403.57,NA,NA,NA,NA,NA,NA,NA,43181.159999999996,NA,NA,NA,NA,NA,NA,490252.19,NA,NA,11448,NA,NA,NA
2012,United Kingdom,4575.37,NA,NA,NA,NA,NA,NA,NA,54158.28,NA,NA,NA,NA,NA,NA,29578.71,NA,NA,53363.09,NA,NA,NA
2013,United Kingdom,13458.460000000001,NA,NA,NA,NA,NA,NA,NA,83805.92,NA,NA,NA,NA,NA,NA,348623.91,NA,NA,69999.13,NA,NA,NA
2014,United Kingdom,8166.24,NA,NA,NA,NA,NA,NA,NA,4920.93,NA,NA,NA,NA,NA,NA,241613.4,NA,NA,47442.08,NA,NA,NA
2015,United Kingdom,44542,NA,NA,NA,NA,NA,NA,NA,13441,NA,NA,NA,NA,NA,NA,218042,NA,NA,112965,NA,NA,NA
